,tempMax,tempMin,tempAvg,tempDeparture,hdd,cdd,precipitation,newSnow,snowDepth,date
0,19.0,6.833333333333333,12.916666666666666,-21.900000000000002,51.833333333333336,0.0,0.0,0.0,0.0,2018-01-01
1,26.666666666666668,12.833333333333334,19.75,-14.866666666666667,44.833333333333336,0.0,0.0,0.0,0.0,2018-01-02
2,29.333333333333332,12.5,20.916666666666668,-13.5,44.0,0.0,0.0,0.0,0.0,2018-01-03
3,29.0,19.0,24.0,-10.25,40.833333333333336,0.0,0.5916666666666667,8.32,1.0,2018-01-04
4,19.0,9.166666666666666,14.083333333333334,-20.033333333333335,50.833333333333336,0.0,0.06666666666666667,0.0,7.4,2018-01-05
5,13.833333333333334,6.666666666666667,10.25,-23.7,54.333333333333336,0.0,0.015,0.0,7.2,2018-01-06
6,18.166666666666668,4.166666666666667,11.166666666666666,-22.616666666666664,53.666666666666664,0.0,0.0,0.0,7.0,2018-01-07
7,31.666666666666668,17.0,24.333333333333332,-9.333333333333334,40.333333333333336,0.0,0.057499999999999996,0.0,6.8,2018-01-08
8,43.5,26.666666666666668,35.083333333333336,1.5833333333333333,29.5,0.0,0.0,0.0,5.6,2018-01-09
9,40.166666666666664,23.5,31.833333333333332,-1.5666666666666667,33.0,0.0,0.0,0.0,4.0,2018-01-10
10,50.666666666666664,36.666666666666664,43.666666666666664,10.366666666666667,21.0,0.0,0.0,0.0,2.4,2018-01-11
11,59.666666666666664,41.666666666666664,50.666666666666664,17.466666666666665,14.166666666666666,0.0,0.56,0.0,0.5,2018-01-12
12,56.333333333333336,19.166666666666668,37.75,4.7,26.833333333333332,0.0,0.07333333333333333,0.0,0.0,2018-01-13
13,25.333333333333332,15.0,20.166666666666668,-12.816666666666665,44.666666666666664,0.0,0.0,0.0,0.0,2018-01-14
14,30.5,16.0,23.25,-9.683333333333334,41.5,0.0,0.0,0.0,0.0,2018-01-15
15,37.0,22.833333333333332,29.916666666666668,-2.9500000000000006,35.0,0.0,0.0,0.0,0.0,2018-01-16
16,36.333333333333336,22.166666666666668,29.25,-3.533333333333333,35.5,0.0,0.20166666666666666,0.38,0.0,2018-01-17
17,33.6,18.6,26.1,-6.7,38.6,0.0,0.0,0.0,0.0,2018-01-18
18,39.333333333333336,22.166666666666668,30.75,-1.95,34.0,0.0,0.0,0.0,0.0,2018-01-19
19,53.5,32.0,42.75,10.083333333333334,21.833333333333332,0.0,0.0,0.0,0.0,2018-01-20
20,52.0,34.5,43.25,10.600000000000001,21.5,0.0,0.0,0.0,0.0,2018-01-21
21,49.5,38.666666666666664,44.083333333333336,11.433333333333335,20.666666666666668,0.0,0.016666666666666666,0.0,0.0,2018-01-22
22,58.666666666666664,38.666666666666664,48.666666666666664,15.999999999999998,16.166666666666668,0.0,0.2916666666666667,0.0,0.0,2018-01-23
23,44.166666666666664,27.0,35.583333333333336,2.9166666666666665,29.0,0.0,0.0,0.0,0.0,2018-01-24
24,35.0,23.166666666666668,29.083333333333332,-3.5833333333333326,35.666666666666664,0.0,0.0,0.0,0.0,2018-01-25
25,38.5,24.166666666666668,31.333333333333332,-1.3666666666666665,33.5,0.0,0.0,0.0,0.0,2018-01-26
26,53.833333333333336,30.833333333333332,42.333333333333336,9.6,22.5,0.0,0.0,0.0,0.0,2018-01-27
27,52.5,42.833333333333336,47.666666666666664,14.850000000000001,17.166666666666668,0.0,0.22999999999999998,0.0,0.0,2018-01-28
28,44.833333333333336,34.0,39.416666666666664,6.566666666666666,25.5,0.0,0.157,0.10000000000000002,0.0,2018-01-29
29,36.4,24.4,30.4,-2.58,34.4,0.0,0.084,1.1199999999999999,0.8,2018-01-30
30,33.0,18.0,25.5,-7.516666666666666,39.333333333333336,0.0,0.0,0.0,0.0,2018-01-31
31,44.0,31.5,37.75,4.666666666666667,27.166666666666668,0.0,0.045000000000000005,0.0,0.0,2018-02-01
32,40.166666666666664,17.0,28.583333333333332,-4.616666666666666,36.166666666666664,0.0,0.17500000000000002,0.0,0.0,2018-02-02
33,31.166666666666668,15.666666666666666,23.416666666666668,-9.883333333333333,41.333333333333336,0.0,0.0,0.0,0.0,2018-02-03
34,44.833333333333336,29.833333333333332,37.333333333333336,3.9166666666666665,27.5,0.0,0.93,0.0,0.0,2018-02-04
35,41.333333333333336,24.5,32.916666666666664,-0.6333333333333334,31.833333333333332,0.0,0.0,0.0,0.0,2018-02-05
36,37.333333333333336,25.166666666666668,31.25,-2.433333333333333,33.5,0.0,0.0,0.0,0.0,2018-02-06
37,45.5,27.666666666666668,36.583333333333336,2.783333333333333,28.0,0.0,0.8733333333333334,0.5166666666666666,0.0,2018-02-07
38,33.833333333333336,25.5,29.666666666666668,-4.283333333333333,35.166666666666664,0.0,0.0,0.0,0.0,2018-02-08
39,38.0,24.0,31.0,-3.1166666666666667,33.833333333333336,0.0,0.0,0.0,0.0,2018-02-09
40,48.833333333333336,35.666666666666664,42.25,7.983333333333333,22.5,0.0,0.48333333333333334,0.0,0.0,2018-02-10
41,57.5,43.666666666666664,50.583333333333336,16.150000000000002,14.0,0.0,1.1483333333333334,0.0,0.0,2018-02-11
42,61.166666666666664,32.666666666666664,46.916666666666664,12.299999999999999,17.833333333333332,0.0,0.0,0.0,0.0,2018-02-12
43,37.833333333333336,25.666666666666668,31.75,-3.016666666666667,33.0,0.0,0.0,0.0,0.0,2018-02-13
44,52.166666666666664,33.833333333333336,43.0,8.05,22.0,0.0,0.06833333333333333,0.0,0.0,2018-02-14
45,58.5,44.0,51.25,16.1,13.5,0.0,0.13333333333333333,0.0,0.0,2018-02-15
46,58.833333333333336,36.0,47.416666666666664,12.066666666666665,17.333333333333332,0.0,0.09499999999999999,0.0,0.0,2018-02-16
47,39.0,27.833333333333332,33.416666666666664,-2.1333333333333333,31.5,0.0,0.512,3.233333333333333,0.0,2018-02-17
48,44.833333333333336,32.333333333333336,38.583333333333336,2.866666666666667,26.0,0.0,0.0175,0.10000000000000002,2.4,2018-02-18
49,48.5,31.833333333333332,40.166666666666664,4.249999999999999,24.5,0.0,0.03166666666666667,0.0,0.0,2018-02-19
50,67.16666666666667,45.166666666666664,56.166666666666664,20.05,8.5,0.0,0.0,0.0,0.0,2018-02-20
51,74.5,50.0,62.25,25.916666666666668,3.3333333333333335,1.0,0.096,0.0,0.0,2018-02-21
52,58.333333333333336,37.166666666666664,47.75,11.183333333333332,17.0,0.0,0.15833333333333335,0.0,0.0,2018-02-22
53,41.666666666666664,36.333333333333336,39.0,2.2333333333333334,26.0,0.0,0.09666666666666666,0.0,0.0,2018-02-23
54,54.666666666666664,41.166666666666664,47.916666666666664,10.933333333333332,16.833333333333332,0.0,0.07,0.0,0.0,2018-02-24
55,44.5,40.5,42.5,5.283333333333334,22.333333333333332,0.0,0.9816666666666666,0.0,0.0,2018-02-25
56,52.5,41.0,46.75,9.316666666666665,17.833333333333332,0.0,0.0,0.0,0.0,2018-02-26
57,56.166666666666664,36.5,46.333333333333336,8.683333333333334,18.333333333333332,0.0,0.0,0.0,0.0,2018-02-27
58,59.166666666666664,37.833333333333336,48.5,10.633333333333333,16.166666666666668,0.0,0.0,0.0,0.0,2018-02-28
59,59.5,42.833333333333336,51.166666666666664,13.033333333333333,13.5,0.0,0.4683333333333333,0.0,0.0,2018-03-01
60,44.833333333333336,34.5,39.666666666666664,1.3166666666666667,25.166666666666668,0.0,1.9466666666666665,0.0,0.0,2018-03-02
61,47.833333333333336,36.333333333333336,42.083333333333336,3.483333333333333,22.666666666666668,0.0,0.0,0.0,0.0,2018-03-03
62,44.833333333333336,34.166666666666664,39.5,0.6666666666666666,25.166666666666668,0.0,0.0,0.0,0.0,2018-03-04
63,43.166666666666664,33.0,38.083333333333336,-1.0,26.666666666666668,0.0,0.0,0.05,0.0,2018-03-05
64,45.833333333333336,30.833333333333332,38.333333333333336,-1.0166666666666666,26.333333333333332,0.0,0.5533333333333332,0.0,0.0,2018-03-06
65,38.5,32.666666666666664,35.583333333333336,-3.9666666666666663,29.166666666666668,0.0,1.1066666666666665,4.166666666666667,1.5,2018-03-07
66,40.666666666666664,32.833333333333336,36.75,-3.0833333333333335,28.166666666666668,0.0,0.0,0.0,1.8,2018-03-08
67,43.833333333333336,29.833333333333332,36.833333333333336,-3.25,28.0,0.0,0.0,0.0,1.5,2018-03-09
68,41.333333333333336,31.666666666666668,36.5,-3.8666666666666667,28.333333333333332,0.0,0.0,0.0,0.0,2018-03-10
69,46.0,31.666666666666668,38.833333333333336,-1.7666666666666666,26.0,0.0,0.0,0.0,0.0,2018-03-11
70,44.166666666666664,31.0,37.583333333333336,-3.2999999999999994,27.0,0.0,0.04666666666666667,0.0,0.0,2018-03-12
71,41.666666666666664,33.166666666666664,37.416666666666664,-3.733333333333333,27.333333333333332,0.0,0.21999999999999997,0.725,1.0,2018-03-13
72,41.833333333333336,31.0,36.416666666666664,-5.033333333333333,28.333333333333332,0.0,0.01,0.1,0.0,2018-03-14
73,48.333333333333336,32.333333333333336,40.333333333333336,-1.3666666666666665,24.666666666666668,0.0,0.0,0.0,0.0,2018-03-15
74,41.0,30.666666666666668,35.833333333333336,-6.1499999999999995,29.166666666666668,0.0,0.0,0.0,0.0,2018-03-16
75,49.333333333333336,27.333333333333332,38.333333333333336,-3.966666666666667,26.333333333333332,0.0,0.0,0.0,0.0,2018-03-17
76,44.166666666666664,28.666666666666668,36.416666666666664,-6.150000000000001,28.5,0.0,0.0,0.0,0.0,2018-03-18
77,47.166666666666664,30.5,38.833333333333336,-4.033333333333333,26.0,0.0,0.0,0.0,0.0,2018-03-19
78,38.666666666666664,30.166666666666668,34.416666666666664,-8.766666666666667,30.333333333333332,0.0,0.03,0.0,0.0,2018-03-20
79,39.0,31.166666666666668,35.083333333333336,-8.416666666666668,29.666666666666668,0.0,0.8133333333333334,8.233333333333333,0.0,2018-03-21
80,49.833333333333336,32.166666666666664,41.0,-2.816666666666667,23.833333333333332,0.0,0.04,0.5333333333333333,8.4,2018-03-22
81,49.833333333333336,34.666666666666664,42.25,-1.9000000000000001,22.5,0.0,0.0,0.0,3.0,2018-03-23
82,51.0,35.333333333333336,43.166666666666664,-1.3,21.666666666666668,0.0,0.0,0.0,0.8,2018-03-24
83,45.0,32.666666666666664,38.833333333333336,-5.966666666666666,25.833333333333332,0.0,0.0,0.0,0.0,2018-03-25
84,48.5,30.833333333333332,39.666666666666664,-5.466666666666666,25.166666666666668,0.0,0.0,0.0,0.0,2018-03-26
85,44.333333333333336,31.833333333333332,38.083333333333336,-7.383333333333333,26.833333333333332,0.0,0.0175,0.0,0.0,2018-03-27
86,52.333333333333336,37.666666666666664,45.0,-0.8166666666666668,19.833333333333332,0.0,0.03,0.0,0.0,2018-03-28
87,52.0,46.166666666666664,49.083333333333336,2.9499999999999997,15.5,0.0,0.03333333333333333,0.0,0.0,2018-03-29
88,61.166666666666664,43.5,52.333333333333336,5.8,12.333333333333334,0.0,0.04833333333333333,0.0,0.0,2018-03-30
89,55.666666666666664,38.166666666666664,46.916666666666664,0.050000000000000044,17.666666666666668,0.0,0.0,0.0,0.0,2018-03-31
90,61.0,41.833333333333336,51.416666666666664,4.2,13.333333333333334,0.0,0.0,0.0,0.0,2018-04-01
91,43.0,32.166666666666664,37.583333333333336,-10.016666666666666,27.166666666666668,0.0,0.4933333333333334,5.066666666666666,3.4,2018-04-02
92,42.666666666666664,35.5,39.083333333333336,-8.883333333333333,25.666666666666668,0.0,0.22833333333333336,0.0,0.5,2018-04-03
93,56.666666666666664,39.833333333333336,48.25,-0.033333333333333326,16.5,0.0,0.09999999999999999,0.0,0.0,2018-04-04
94,46.166666666666664,33.333333333333336,39.75,-8.933333333333335,24.833333333333332,0.0,0.0,0.0,0.0,2018-04-05
95,59.333333333333336,34.166666666666664,46.75,-2.3000000000000003,17.833333333333332,0.0,0.08333333333333333,0.0,0.0,2018-04-06
96,48.666666666666664,37.166666666666664,42.916666666666664,-6.533333333333334,21.833333333333332,0.0,0.0,0.0,0.0,2018-04-07
97,46.166666666666664,31.833333333333332,39.0,-10.816666666666665,25.833333333333332,0.0,0.0,0.0,0.0,2018-04-08
98,48.0,31.0,39.5,-10.699999999999998,25.166666666666668,0.0,0.0,0.0,0.0,2018-04-09
99,50.833333333333336,37.833333333333336,44.333333333333336,-6.233333333333333,20.5,0.0,0.01,0.0,0.0,2018-04-10
100,51.5,33.166666666666664,42.333333333333336,-8.633333333333333,22.666666666666668,0.0,0.0,0.0,0.0,2018-04-11
101,59.333333333333336,42.0,50.666666666666664,-0.7000000000000001,14.166666666666666,0.0,0.0,0.0,0.0,2018-04-12
102,78.83333333333333,54.0,66.41666666666667,14.700000000000001,2.0,3.5,0.0,0.0,0.0,2018-04-13
103,73.16666666666667,44.5,58.833333333333336,6.733333333333333,6.0,0.0,0.0,0.0,0.0,2018-04-14
104,44.833333333333336,38.333333333333336,41.583333333333336,-10.866666666666667,23.166666666666668,0.0,0.35000000000000003,0.0,0.0,2018-04-15
105,59.833333333333336,39.666666666666664,49.75,-3.1,14.833333333333334,0.0,2.4266666666666663,0.0,0.0,2018-04-16
106,47.666666666666664,39.0,43.333333333333336,-9.85,21.333333333333332,0.0,0.0,0.0,0.0,2018-04-17
107,54.333333333333336,37.5,45.916666666666664,-7.666666666666667,19.0,0.0,0.0,0.0,0.0,2018-04-18
108,48.166666666666664,38.166666666666664,43.166666666666664,-10.783333333333331,21.666666666666668,0.0,0.16,0.0,0.0,2018-04-19
109,51.166666666666664,36.666666666666664,43.916666666666664,-10.383333333333333,21.0,0.0,0.0,0.0,0.0,2018-04-20
110,62.166666666666664,37.666666666666664,49.916666666666664,-4.733333333333333,14.666666666666666,0.0,0.0,0.0,0.0,2018-04-21
111,64.83333333333333,41.666666666666664,53.25,-1.75,11.5,0.0,0.0,0.0,0.0,2018-04-22
112,64.5,41.5,53.0,-2.35,11.833333333333334,0.0,0.0,0.0,0.0,2018-04-23
113,64.5,43.5,54.0,-1.7,10.666666666666666,0.0,0.055,0.0,0.0,2018-04-24
114,58.833333333333336,51.333333333333336,55.083333333333336,-0.9333333333333332,9.666666666666666,0.0,0.6033333333333333,0.0,0.0,2018-04-25
115,69.66666666666667,53.5,61.583333333333336,5.183333333333334,3.0,0.0,0.07200000000000001,0.0,0.0,2018-04-26
116,57.5,49.166666666666664,53.333333333333336,-3.3833333333333333,11.666666666666666,0.0,0.085,0.0,0.0,2018-04-27
117,64.66666666666667,47.333333333333336,56.0,-1.05,8.666666666666666,0.0,0.11833333333333333,0.0,0.0,2018-04-28
118,58.833333333333336,47.166666666666664,53.0,-4.3500000000000005,11.833333333333334,0.0,0.09333333333333334,0.0,0.0,2018-04-29
119,52.333333333333336,44.833333333333336,48.583333333333336,-9.083333333333334,16.166666666666668,0.0,0.03,0.0,0.0,2018-04-30
120,80.5,46.166666666666664,63.333333333333336,5.333333333333333,1.5,0.16666666666666666,0.0,0.0,0.0,2018-05-01
121,88.0,57.5,72.75,14.449999999999998,0.0,8.0,0.0,0.0,0.0,2018-05-02
122,90.5,64.83333333333333,77.66666666666667,19.083333333333332,0.0,13.0,0.013333333333333334,0.0,0.0,2018-05-03
123,83.0,65.33333333333333,74.16666666666667,15.283333333333331,0.0,9.333333333333334,0.0,0.0,0.0,2018-05-04
124,76.0,59.333333333333336,67.66666666666667,8.466666666666667,0.0,2.8333333333333335,0.0016666666666666668,0.0,0.0,2018-05-05
125,66.66666666666667,56.333333333333336,61.5,2.0000000000000004,3.5,0.0,0.0033333333333333335,0.0,0.0,2018-05-06
126,75.0,53.166666666666664,64.08333333333333,4.283333333333333,0.8333333333333334,0.3333333333333333,0.0,0.0,0.0,2018-05-07
127,70.66666666666667,51.833333333333336,61.25,1.1666666666666667,3.5,0.0,0.0,0.0,0.0,2018-05-08
128,72.33333333333333,51.833333333333336,62.083333333333336,1.7,3.1666666666666665,0.5,0.0,0.0,0.0,2018-05-09
129,66.33333333333333,53.666666666666664,60.0,-0.6833333333333332,4.833333333333333,0.0,0.1416666666666667,0.0,0.0,2018-05-10
130,73.83333333333333,59.0,66.41666666666667,5.466666666666666,0.0,1.6666666666666667,0.0,0.0,0.0,2018-05-11
131,64.0,51.833333333333336,57.916666666666664,-3.3333333333333335,6.833333333333333,0.0,0.22666666666666668,0.0,0.0,2018-05-12
132,54.666666666666664,51.333333333333336,53.0,-8.5,11.666666666666666,0.0,0.14666666666666667,0.0,0.0,2018-05-13
133,68.5,51.666666666666664,60.083333333333336,-1.7,4.5,0.0,0.07166666666666667,0.0,0.0,2018-05-14
134,86.83333333333333,59.166666666666664,73.0,10.950000000000001,0.0,8.166666666666666,0.4583333333333333,0.0,0.0,2018-05-15
135,65.16666666666667,56.166666666666664,60.666666666666664,-1.6833333333333333,4.166666666666667,0.0,0.35333333333333333,0.0,0.0,2018-05-16
136,71.5,55.666666666666664,63.583333333333336,0.9500000000000001,1.8333333333333333,0.5,0.39999999999999997,0.0,0.0,2018-05-17
137,65.5,55.833333333333336,60.666666666666664,-2.266666666666667,3.8333333333333335,0.0,0.0,0.0,0.0,2018-05-18
138,56.5,50.0,53.25,-9.983333333333333,11.5,0.0,0.6816666666666666,0.0,0.0,2018-05-19
139,83.16666666666667,56.166666666666664,69.66666666666667,6.166666666666667,0.0,5.0,0.0,0.0,0.0,2018-05-20
140,77.66666666666667,57.666666666666664,67.66666666666667,3.866666666666667,0.0,2.8333333333333335,0.0,0.0,0.0,2018-05-21
141,68.66666666666667,56.333333333333336,62.5,-1.5833333333333333,2.5,0.3333333333333333,0.20999999999999996,0.0,0.0,2018-05-22
142,81.83333333333333,57.833333333333336,69.83333333333333,5.45,0.0,5.166666666666667,0.2383333333333333,0.0,0.0,2018-05-23
143,84.0,63.166666666666664,73.58333333333333,8.899999999999999,0.0,8.833333333333334,0.0,0.0,0.0,2018-05-24
144,86.16666666666667,62.166666666666664,74.16666666666667,9.200000000000001,0.0,9.333333333333334,0.0,0.0,0.0,2018-05-25
145,87.66666666666667,70.0,78.83333333333333,13.566666666666665,0.0,14.0,0.0,0.0,0.0,2018-05-26
146,76.66666666666667,56.0,66.33333333333333,0.7666666666666667,0.6666666666666666,2.1666666666666665,0.6433333333333333,0.0,0.0,2018-05-27
147,68.5,55.333333333333336,61.916666666666664,-3.966666666666667,2.8333333333333335,0.16666666666666666,0.0,0.0,0.0,2018-05-28
148,85.5,62.166666666666664,73.83333333333333,7.6000000000000005,0.0,9.0,0.0,0.0,0.0,2018-05-29
149,74.66666666666667,59.0,66.83333333333333,0.3,0.6666666666666666,2.6666666666666665,0.0,0.0,0.0,2018-05-30
150,69.33333333333333,61.833333333333336,65.58333333333333,-1.2666666666666666,0.3333333333333333,1.3333333333333333,0.065,0.0,0.0,2018-05-31
151,78.5,63.0,70.75,3.75,0.0,6.0,0.615,0.0,0.0,2018-06-01
152,86.5,65.5,76.0,8.65,0.0,11.0,0.01,0.0,0.0,2018-06-02
153,65.5,52.0,58.75,-8.9,6.0,0.0,0.205,0.0,0.0,2018-06-03
154,71.5,51.5,61.5,-6.550000000000001,3.5,0.0,0.48,0.0,0.0,2018-06-04
155,76.5,56.0,66.25,-2.1,0.0,1.5,0.0,0.0,0.0,2018-06-05
156,71.0,58.0,64.5,-4.2,0.5,0.5,0.0,0.0,0.0,2018-06-06
157,68.5,59.5,64.0,-5.050000000000001,1.5,0.5,0.0,0.0,0.0,2018-06-07
158,78.5,60.0,69.25,-0.15000000000000002,0.0,4.5,0.0,0.0,0.0,2018-06-08
159,80.0,67.0,73.5,3.75,0.0,8.5,0.0,0.0,0.0,2018-06-09
160,72.5,59.0,65.75,-4.35,0.0,1.0,0.015,0.0,0.0,2018-06-10
161,71.0,58.0,64.5,-5.949999999999999,1.0,1.0,0.02,0.0,0.0,2018-06-11
162,72.0,56.0,64.0,-6.8,2.0,1.5,0.0,0.0,0.0,2018-06-12
163,77.0,63.5,70.25,-0.85,0.0,5.5,0.035,0.0,0.0,2018-06-13
164,85.5,69.0,77.25,5.75,0.0,12.5,0.0175,0.0,0.0,2018-06-14
165,77.0,63.0,70.0,-1.7999999999999998,0.0,5.0,0.0,0.0,0.0,2018-06-15
166,84.0,63.5,73.75,1.65,0.0,9.0,0.0,0.0,0.0,2018-06-16
167,89.0,65.0,77.0,4.55,0.0,12.0,0.0,0.0,0.0,2018-06-17
168,86.0,70.5,78.25,5.449999999999999,0.0,13.5,0.24,0.0,0.0,2018-06-18
169,89.0,74.0,81.5,8.4,0.0,17.0,0.035,0.0,0.0,2018-06-19
170,81.0,68.0,74.5,1.1,0.0,10.0,0.01,0.0,0.0,2018-06-20
171,84.0,66.0,75.0,1.2999999999999998,0.0,10.0,0.68,0.0,0.0,2018-06-21
172,73.0,63.5,68.25,-5.75,0.0,3.5,0.07,0.0,0.0,2018-06-22
173,67.0,62.5,64.75,-9.55,0.0,0.0,0.08000000000000002,0.0,0.0,2018-06-23
174,82.5,65.0,73.75,-0.8,0.0,9.0,0.09000000000000001,0.0,0.0,2018-06-24
175,82.0,66.5,74.25,-0.6,0.0,9.5,0.0,0.0,0.0,2018-06-25
176,75.0,62.5,68.75,-6.3,0.0,4.0,0.0,0.0,0.0,2018-06-26
177,74.0,65.5,69.75,-5.6,0.0,5.0,0.045000000000000005,0.0,0.0,2018-06-27
178,83.5,70.5,77.0,1.45,0.0,12.0,1.205,0.0,0.0,2018-06-28
179,91.5,71.0,81.25,5.4,0.0,16.5,0.0,0.0,0.0,2018-06-29
180,92.0,71.5,81.75,5.7,0.0,17.0,0.0,0.0,0.0,2018-06-30
181,96.33333333333333,76.16666666666667,86.25,10.066666666666668,0.0,21.666666666666668,0.0,0.0,0.0,2018-07-01
182,94.16666666666667,75.66666666666667,84.91666666666667,8.55,0.0,20.166666666666668,0.0,0.0,0.0,2018-07-02
183,90.33333333333333,76.33333333333333,83.33333333333333,6.783333333333334,0.0,18.5,0.03833333333333334,0.0,0.0,2018-07-03
184,87.5,76.16666666666667,81.83333333333333,5.133333333333334,0.0,17.166666666666668,0.10600000000000001,0.0,0.0,2018-07-04
185,89.0,75.5,82.25,5.383333333333333,0.0,17.5,0.0,0.0,0.0,2018-07-05
186,83.0,69.0,76.0,-1.0333333333333334,0.0,11.5,0.17,0.0,0.0,2018-07-06
187,77.0,61.666666666666664,69.33333333333333,-7.816666666666667,0.0,4.333333333333333,0.0,0.0,0.0,2018-07-07
188,82.5,60.833333333333336,71.66666666666667,-5.6000000000000005,0.0,7.0,0.0,0.0,0.0,2018-07-08
189,87.16666666666667,64.83333333333333,76.0,-1.3999999999999997,0.0,11.333333333333334,0.0,0.0,0.0,2018-07-09
190,93.0,69.33333333333333,81.16666666666667,3.6833333333333336,0.0,16.5,0.0,0.0,0.0,2018-07-10
191,88.0,72.5,80.25,2.6666666666666665,0.0,15.5,0.0,0.0,0.0,2018-07-11
192,84.5,67.66666666666667,76.08333333333333,-1.5666666666666664,0.0,11.333333333333334,0.32499999999999996,0.0,0.0,2018-07-12
193,84.66666666666667,66.66666666666667,75.66666666666667,-2.033333333333333,0.0,10.833333333333334,0.0,0.0,0.0,2018-07-13
194,88.83333333333333,68.66666666666667,78.75,0.9666666666666667,0.0,13.833333333333334,0.2866666666666667,0.0,0.0,2018-07-14
195,84.83333333333333,69.5,77.16666666666667,-0.65,0.0,12.5,0.7816666666666666,0.0,0.0,2018-07-15
196,90.83333333333333,73.66666666666667,82.25,4.3999999999999995,0.0,17.333333333333332,0.0,0.0,0.0,2018-07-16
197,88.16666666666667,71.16666666666667,79.66666666666667,1.8,0.0,14.833333333333334,1.1566666666666667,0.0,0.0,2018-07-17
198,86.33333333333333,68.16666666666667,77.25,-0.6833333333333332,0.0,12.666666666666666,0.0,0.0,0.0,2018-07-18
199,83.0,65.16666666666667,74.08333333333333,-3.85,0.0,9.5,0.0,0.0,0.0,2018-07-19
200,82.66666666666667,67.33333333333333,75.0,-2.9333333333333336,0.0,10.166666666666666,0.0,0.0,0.0,2018-07-20
201,78.0,65.83333333333333,71.91666666666667,-6.016666666666667,0.0,7.166666666666667,0.63,0.0,0.0,2018-07-21
202,81.16666666666667,70.66666666666667,75.91666666666667,-2.0166666666666666,0.0,11.166666666666666,0.83,0.0,0.0,2018-07-22
203,82.0,73.66666666666667,77.83333333333333,-0.06666666666666664,0.0,13.166666666666666,0.15000000000000002,0.0,0.0,2018-07-23
204,83.83333333333333,75.16666666666667,79.5,1.6166666666666665,0.0,14.833333333333334,0.0075,0.0,0.0,2018-07-24
205,80.33333333333333,72.33333333333333,76.33333333333333,-1.5166666666666666,0.0,11.666666666666666,0.5533333333333333,0.0,0.0,2018-07-25
206,87.0,72.16666666666667,79.58333333333333,1.7333333333333334,0.0,15.0,0.04,0.0,0.0,2018-07-26
207,88.0,69.66666666666667,78.83333333333333,1.0666666666666667,0.0,14.166666666666666,0.9016666666666667,0.0,0.0,2018-07-27
208,87.0,69.66666666666667,78.33333333333333,0.5833333333333334,0.0,13.5,0.0,0.0,0.0,2018-07-28
209,83.83333333333333,70.83333333333333,77.33333333333333,-0.3666666666666667,0.0,12.5,0.0,0.0,0.0,2018-07-29
210,81.16666666666667,68.5,74.83333333333333,-2.7999999999999994,0.0,10.0,0.082,0.0,0.0,2018-07-30
211,81.5,67.83333333333333,74.66666666666667,-2.933333333333333,0.0,9.833333333333334,0.0,0.0,0.0,2018-07-31
212,87.83333333333333,74.66666666666667,81.25,3.733333333333333,0.0,16.5,0.09333333333333334,0.0,0.0,2018-08-01
213,87.83333333333333,75.83333333333333,81.83333333333333,4.366666666666666,0.0,17.166666666666668,0.2016666666666667,0.0,0.0,2018-08-02
214,86.16666666666667,73.33333333333333,79.75,2.35,0.0,15.166666666666666,0.25,0.0,0.0,2018-08-03
215,87.33333333333333,72.66666666666667,80.0,2.6333333333333333,0.0,15.333333333333334,0.6216666666666667,0.0,0.0,2018-08-04
216,91.33333333333333,73.16666666666667,82.25,4.983333333333333,0.0,17.666666666666668,0.0,0.0,0.0,2018-08-05
217,92.66666666666667,76.33333333333333,84.5,7.333333333333333,0.0,19.666666666666668,0.0,0.0,0.0,2018-08-06
218,89.66666666666667,74.16666666666667,81.91666666666667,4.800000000000001,0.0,17.166666666666668,0.356,0.0,0.0,2018-08-07
219,90.33333333333333,74.66666666666667,82.5,5.449999999999999,0.0,17.666666666666668,0.004,0.0,0.0,2018-08-08
220,89.5,74.16666666666667,81.83333333333333,4.883333333333334,0.0,17.166666666666668,0.345,0.0,0.0,2018-08-09
221,88.33333333333333,71.16666666666667,79.75,2.866666666666667,0.0,15.0,0.0,0.0,0.0,2018-08-10
222,80.16666666666667,70.16666666666667,75.16666666666667,-1.633333333333333,0.0,10.5,1.4716666666666667,0.0,0.0,2018-08-11
223,84.0,71.5,77.75,1.05,0.0,12.833333333333334,1.84,0.0,0.0,2018-08-12
224,76.33333333333333,71.0,73.66666666666667,-2.9333333333333336,0.0,8.833333333333334,0.595,0.0,0.0,2018-08-13
225,83.5,70.0,76.75,0.26666666666666666,0.0,12.0,0.41000000000000003,0.0,0.0,2018-08-14
226,89.16666666666667,70.66666666666667,79.91666666666667,3.533333333333333,0.0,15.0,0.0,0.0,0.0,2018-08-15
227,90.33333333333333,74.83333333333333,82.58333333333333,6.316666666666666,0.0,17.833333333333332,0.0,0.0,0.0,2018-08-16
228,88.16666666666667,73.33333333333333,80.75,4.616666666666667,0.0,16.166666666666668,0.57,0.0,0.0,2018-08-17
229,88.0,70.83333333333333,79.41666666666667,3.383333333333333,0.0,14.666666666666666,0.11666666666666668,0.0,0.0,2018-08-18
230,73.33333333333333,67.83333333333333,70.58333333333333,-5.3500000000000005,0.0,5.833333333333333,0.044,0.0,0.0,2018-08-19
231,76.0,67.5,71.75,-4.0,0.0,7.166666666666667,0.0,0.0,0.0,2018-08-20
232,79.16666666666667,66.33333333333333,72.75,-2.883333333333333,0.0,8.0,0.09999999999999999,0.0,0.0,2018-08-21
233,85.5,71.33333333333333,78.41666666666667,2.9166666666666665,0.0,13.833333333333334,0.43999999999999995,0.0,0.0,2018-08-22
234,79.66666666666667,65.83333333333333,72.75,-2.5666666666666664,0.0,7.833333333333333,0.016666666666666666,0.0,0.0,2018-08-23
235,83.16666666666667,63.833333333333336,73.5,-1.6833333333333333,0.0,8.833333333333334,0.0,0.0,0.0,2018-08-24
236,80.0,66.0,73.0,-2.016666666666667,0.0,8.166666666666666,0.0,0.0,0.0,2018-08-25
237,84.0,67.0,75.5,0.6333333333333334,0.0,10.833333333333334,0.0,0.0,0.0,2018-08-26
238,89.16666666666667,73.0,81.08333333333333,6.416666666666665,0.0,16.166666666666668,0.0,0.0,0.0,2018-08-27
239,94.0,77.33333333333333,85.66666666666667,11.199999999999998,0.0,20.833333333333332,0.0,0.0,0.0,2018-08-28
240,94.0,77.83333333333333,85.91666666666667,11.65,0.0,21.333333333333332,0.0,0.0,0.0,2018-08-29
241,91.33333333333333,77.5,84.41666666666667,10.35,0.0,19.666666666666668,0.0,0.0,0.0,2018-08-30
242,77.83333333333333,70.83333333333333,74.33333333333333,0.4666666666666666,0.0,9.666666666666666,0.0925,0.0,0.0,2018-08-31
243,78.16666666666667,69.0,73.58333333333333,-0.049999999999999996,0.0,9.0,0.005,0.0,0.0,2018-09-01
244,81.5,66.5,74.0,0.5833333333333334,0.0,9.166666666666666,0.0,0.0,0.0,2018-09-02
245,90.16666666666667,75.5,82.83333333333333,9.7,0.0,18.166666666666668,0.0,0.0,0.0,2018-09-03
246,93.16666666666667,77.16666666666667,85.16666666666667,12.25,0.0,20.666666666666668,0.0,0.0,0.0,2018-09-04
247,90.0,76.33333333333333,83.16666666666667,10.533333333333333,0.0,18.5,0.0,0.0,0.0,2018-09-05
248,93.66666666666667,74.5,84.08333333333333,11.683333333333332,0.0,19.166666666666668,0.3416666666666666,0.0,0.0,2018-09-06
249,76.83333333333333,70.16666666666667,73.5,1.3999999999999997,0.0,8.666666666666666,0.18249999999999997,0.0,0.0,2018-09-07
250,72.0,61.166666666666664,66.58333333333333,-5.233333333333333,0.0,1.6666666666666667,0.023333333333333334,0.0,0.0,2018-09-08
251,62.666666666666664,56.166666666666664,59.416666666666664,-12.116666666666667,5.166666666666667,0.0,0.4266666666666667,0.0,0.0,2018-09-09
252,64.5,55.333333333333336,59.916666666666664,-11.316666666666668,4.833333333333333,0.0,0.9916666666666667,0.0,0.0,2018-09-10
253,75.5,62.333333333333336,68.91666666666667,-2.0166666666666666,0.0,4.0,0.10166666666666668,0.0,0.0,2018-09-11
254,78.5,71.33333333333333,74.91666666666667,4.283333333333333,0.0,10.0,0.10500000000000002,0.0,0.0,2018-09-12
255,77.5,69.66666666666667,73.58333333333333,3.3166666666666664,0.0,9.0,0.192,0.0,0.0,2018-09-13
256,76.66666666666667,68.5,72.58333333333333,2.65,0.0,8.0,0.016666666666666666,0.0,0.0,2018-09-14
257,80.66666666666667,66.33333333333333,73.5,3.8833333333333333,0.0,8.833333333333334,0.0,0.0,0.0,2018-09-15
258,83.83333333333333,65.5,74.66666666666667,5.3999999999999995,0.0,9.833333333333334,0.0,0.0,0.0,2018-09-16
259,79.5,67.0,73.25,4.333333333333333,0.0,8.5,0.025,0.0,0.0,2018-09-17
260,81.16666666666667,70.5,75.83333333333333,7.283333333333334,0.0,11.166666666666666,0.9266666666666667,0.0,0.0,2018-09-18
261,83.0,67.33333333333333,75.16666666666667,6.983333333333333,0.0,10.5,0.0,0.0,0.0,2018-09-19
262,73.33333333333333,65.16666666666667,69.25,1.4333333333333333,0.0,4.666666666666667,0.0016666666666666668,0.0,0.0,2018-09-20
263,73.83333333333333,67.16666666666667,70.5,3.0499999999999994,0.0,5.666666666666667,0.0,0.0,0.0,2018-09-21
264,75.0,62.333333333333336,68.66666666666667,1.6000000000000003,0.0,3.6666666666666665,0.0,0.0,0.0,2018-09-22
265,67.5,60.166666666666664,63.833333333333336,-2.8666666666666667,1.1666666666666667,0.0,0.04,0.0,0.0,2018-09-23
266,70.66666666666667,57.166666666666664,63.916666666666664,-2.3833333333333333,1.1666666666666667,0.16666666666666666,0.0,0.0,0.0,2018-09-24
267,74.16666666666667,58.333333333333336,66.25,0.3333333333333333,0.0,1.5,1.7166666666666666,0.0,0.0,2018-09-25
268,82.33333333333333,67.66666666666667,75.0,9.483333333333334,0.0,10.5,0.21666666666666665,0.0,0.0,2018-09-26
269,74.33333333333333,61.333333333333336,67.83333333333333,2.733333333333334,0.0,3.0,0.02,0.0,0.0,2018-09-27
270,65.16666666666667,56.0,60.583333333333336,-4.1499999999999995,4.166666666666667,0.0,1.0166666666666666,0.0,0.0,2018-09-28
271,75.0,56.5,65.75,1.4166666666666667,0.16666666666666666,1.0,0.0,0.0,0.0,2018-09-29
272,71.16666666666667,54.0,62.583333333333336,-1.3666666666666665,2.3333333333333335,0.16666666666666666,0.0,0.0,0.0,2018-09-30
273,77.33333333333333,62.166666666666664,69.75,6.2,0.0,5.0,0.0,0.0,0.0,2018-10-01
274,78.5,65.16666666666667,71.83333333333333,8.700000000000001,0.0,7.0,0.52,0.0,0.0,2018-10-02
275,76.5,62.666666666666664,69.58333333333333,6.8500000000000005,0.0,5.0,0.0,0.0,0.0,2018-10-03
276,78.5,59.666666666666664,69.08333333333333,6.749999999999999,0.0,4.333333333333333,0.038,0.0,0.0,2018-10-04
277,71.16666666666667,60.166666666666664,65.66666666666667,3.7000000000000006,0.0,0.8333333333333334,0.0,0.0,0.0,2018-10-05
278,68.83333333333333,63.166666666666664,66.0,4.433333333333333,0.0,1.1666666666666667,0.005,0.0,0.0,2018-10-06
279,81.33333333333333,68.16666666666667,74.75,13.566666666666668,0.0,10.0,0.0,0.0,0.0,2018-10-07
280,71.83333333333333,64.16666666666667,68.0,7.216666666666666,0.0,3.3333333333333335,0.005,0.0,0.0,2018-10-08
281,77.16666666666667,66.0,71.58333333333333,11.200000000000001,0.0,7.0,0.0025,0.0,0.0,2018-10-09
282,80.66666666666667,68.66666666666667,74.66666666666667,14.683333333333332,0.0,10.166666666666666,0.0,0.0,0.0,2018-10-10
283,78.66666666666667,68.33333333333333,73.5,13.883333333333333,0.0,8.833333333333334,0.8450000000000001,0.0,0.0,2018-10-11
284,69.33333333333333,51.333333333333336,60.333333333333336,1.0833333333333333,4.333333333333333,0.0,0.49499999999999994,0.0,0.0,2018-10-12
285,58.0,47.0,52.5,-6.349999999999999,12.333333333333334,0.0,0.06999999999999999,0.0,0.0,2018-10-13
286,59.333333333333336,45.833333333333336,52.583333333333336,-5.866666666666666,12.0,0.0,0.0,0.0,0.0,2018-10-14
287,68.33333333333333,52.166666666666664,60.25,2.15,4.5,0.0,0.05666666666666667,0.0,0.0,2018-10-15
288,60.833333333333336,46.833333333333336,53.833333333333336,-3.9,10.833333333333334,0.0,0.012,0.0,0.0,2018-10-16
289,63.333333333333336,45.333333333333336,54.333333333333336,-3.016666666666667,10.5,0.0,0.0,0.0,0.0,2018-10-17
290,52.0,41.0,46.5,-10.466666666666667,18.166666666666668,0.0,0.0,0.0,0.0,2018-10-18
291,61.166666666666664,40.0,50.583333333333336,-6.066666666666666,14.166666666666666,0.0,0.0,0.0,0.0,2018-10-19
292,63.333333333333336,51.5,57.416666666666664,1.1666666666666667,7.166666666666667,0.0,0.06333333333333334,0.0,0.0,2018-10-20
293,52.0,39.166666666666664,45.583333333333336,-10.316666666666668,19.0,0.0,0.01,0.0,0.0,2018-10-21
294,52.166666666666664,37.666666666666664,44.916666666666664,-10.633333333333333,19.833333333333332,0.0,0.0,0.0,0.0,2018-10-22
295,64.83333333333333,46.5,55.666666666666664,0.48333333333333334,9.333333333333334,0.0,0.0,0.0,0.0,2018-10-23
296,55.666666666666664,44.0,49.833333333333336,-5.016666666666667,15.166666666666666,0.0,0.0,0.0,0.0,2018-10-24
297,52.5,38.833333333333336,45.666666666666664,-8.816666666666666,18.833333333333332,0.0,0.0,0.0,0.0,2018-10-25
298,49.666666666666664,36.833333333333336,43.25,-10.899999999999999,21.5,0.0,0.023333333333333334,0.0,0.0,2018-10-26
299,53.333333333333336,44.166666666666664,48.75,-5.033333333333333,15.833333333333334,0.0,1.0416666666666667,0.0,0.0,2018-10-27
300,53.5,45.666666666666664,49.583333333333336,-3.8833333333333333,15.166666666666666,0.0,0.04666666666666667,0.0,0.0,2018-10-28
301,57.833333333333336,46.166666666666664,52.0,-1.1166666666666667,12.5,0.0,0.018333333333333333,0.0,0.0,2018-10-29
302,56.833333333333336,41.666666666666664,49.25,-3.533333333333333,15.5,0.0,0.0,0.0,0.0,2018-10-30
303,65.33333333333333,39.833333333333336,52.583333333333336,0.16666666666666663,12.0,0.0,0.0,0.0,0.0,2018-10-31
304,70.33333333333333,53.666666666666664,62.0,9.9,2.6666666666666665,0.0,0.0,0.0,0.0,2018-11-01
305,70.83333333333333,63.666666666666664,67.25,15.466666666666667,0.3333333333333333,2.6666666666666665,0.10333333333333335,0.0,0.0,2018-11-02
306,65.5,48.0,56.75,5.316666666666666,7.833333333333333,0.0,0.3383333333333334,0.0,0.0,2018-11-03
307,56.666666666666664,42.0,49.333333333333336,-1.7833333333333332,15.5,0.0,0.0,0.0,0.0,2018-11-04
308,54.333333333333336,46.166666666666664,50.25,-0.5166666666666667,14.333333333333334,0.0,0.3016666666666667,0.0,0.0,2018-11-05
309,60.5,49.5,55.0,4.55,9.666666666666666,0.0,0.6533333333333333,0.0,0.0,2018-11-06
310,63.666666666666664,49.166666666666664,56.416666666666664,6.3,8.333333333333334,0.0,0.0,0.0,0.0,2018-11-07
311,57.5,43.166666666666664,50.333333333333336,0.5666666666666667,14.333333333333334,0.0,0.0,0.0,0.0,2018-11-08
312,52.5,38.666666666666664,45.583333333333336,-3.8666666666666667,19.166666666666668,0.0,0.8250000000000001,0.0,0.0,2018-11-09
313,50.166666666666664,34.333333333333336,42.25,-6.8999999999999995,22.5,0.0,0.021666666666666667,0.0,0.0,2018-11-10
314,47.333333333333336,32.166666666666664,39.75,-9.083333333333334,25.0,0.0,0.0,0.0,0.0,2018-11-11
315,49.666666666666664,32.333333333333336,41.0,-7.5,23.666666666666668,0.0,0.04499999999999999,0.0,0.0,2018-11-12
316,53.0,42.833333333333336,47.916666666666664,-0.2666666666666666,16.666666666666668,0.0,1.0583333333333333,0.0,0.0,2018-11-13
317,43.166666666666664,32.0,37.583333333333336,-10.283333333333333,27.333333333333332,0.0,0.0,0.0,0.0,2018-11-14
318,38.5,29.333333333333332,33.916666666666664,-13.616666666666669,31.0,0.0,1.015,5.516666666666667,0.0,2018-11-15
319,46.333333333333336,34.666666666666664,40.5,-6.716666666666668,24.333333333333332,0.0,0.2916666666666667,0.0,2.0,2018-11-16
320,48.833333333333336,37.333333333333336,43.083333333333336,-3.8333333333333326,21.833333333333332,0.0,0.0,0.0,0.4,2018-11-17
321,44.5,38.666666666666664,41.583333333333336,-4.983333333333333,23.0,0.0,0.0,0.0,0.0,2018-11-18
322,52.0,38.5,45.25,-1.0166666666666666,19.5,0.0,0.0,0.0,0.0,2018-11-19
323,48.0,38.833333333333336,43.416666666666664,-2.5500000000000003,21.333333333333332,0.0,0.01,0.0,0.0,2018-11-20
324,46.0,27.0,36.5,-9.15,28.166666666666668,0.0,0.01,0.0,0.0,2018-11-21
325,28.833333333333332,17.666666666666668,23.25,-22.099999999999998,41.5,0.0,0.0,0.0,0.0,2018-11-22
326,32.166666666666664,14.833333333333334,23.5,-21.533333333333335,41.166666666666664,0.0,0.0,0.0,0.0,2018-11-23
327,49.5,27.833333333333332,38.666666666666664,-6.066666666666666,26.166666666666668,0.0,1.0783333333333334,0.0,0.0,2018-11-24
328,56.333333333333336,45.0,50.666666666666664,6.266666666666667,14.0,0.0,0.875,0.0,0.0,2018-11-25
329,53.166666666666664,41.833333333333336,47.5,3.4,17.333333333333332,0.0,1.0116666666666667,0.0,0.0,2018-11-26
330,46.666666666666664,36.666666666666664,41.666666666666664,-2.1333333333333333,23.166666666666668,0.0,0.025,0.0,0.0,2018-11-27
331,42.0,36.0,39.0,-4.516666666666667,25.833333333333332,0.0,0.0,0.0,0.0,2018-11-28
332,47.333333333333336,37.833333333333336,42.583333333333336,-0.6333333333333333,22.333333333333332,0.0,0.0,0.0,0.0,2018-11-29
333,42.666666666666664,36.166666666666664,39.416666666666664,-3.4999999999999996,25.333333333333332,0.0,0.016,0.0,0.0,2018-11-30
334,45.833333333333336,34.166666666666664,40.0,-2.6166666666666667,24.833333333333332,0.0,0.055,0.0,0.0,2018-12-01
335,55.5,42.666666666666664,49.083333333333336,6.766666666666667,15.5,0.0,0.8033333333333333,0.0,0.0,2018-12-02
336,55.666666666666664,45.5,50.583333333333336,8.566666666666666,14.333333333333334,0.0,0.0,0.0,0.0,2018-12-03
337,45.5,29.666666666666668,37.583333333333336,-4.183333333333333,27.166666666666668,0.0,0.0,0.0,0.0,2018-12-04
338,37.0,26.166666666666668,31.583333333333332,-9.883333333333333,33.166666666666664,0.0,0.0,0.0,0.0,2018-12-05
339,40.5,28.666666666666668,34.583333333333336,-6.583333333333335,30.333333333333332,0.0,0.0,0.0,0.0,2018-12-06
340,39.666666666666664,26.666666666666668,33.166666666666664,-7.733333333333334,31.666666666666668,0.0,0.0,0.0,0.0,2018-12-07
341,36.666666666666664,23.833333333333332,30.25,-10.366666666666667,34.5,0.0,0.0,0.0,0.0,2018-12-08
342,36.833333333333336,25.833333333333332,31.333333333333332,-9.000000000000002,33.5,0.0,0.0,0.0,0.0,2018-12-09
343,40.166666666666664,27.166666666666668,33.666666666666664,-6.416666666666667,31.333333333333332,0.0,0.0,0.0,0.0,2018-12-10
344,41.0,26.5,33.75,-6.033333333333332,30.833333333333332,0.0,0.0,0.0,0.0,2018-12-11
345,41.333333333333336,31.666666666666668,36.5,-3.016666666666666,28.333333333333332,0.0,0.0,0.0,0.0,2018-12-12
346,40.833333333333336,32.166666666666664,36.5,-2.733333333333333,28.333333333333332,0.0,0.05800000000000001,0.1,0.0,2018-12-13
347,51.666666666666664,39.666666666666664,45.666666666666664,6.699999999999999,19.0,0.0,0.09833333333333334,0.0,0.0,2018-12-14
348,51.5,46.5,49.0,10.3,15.833333333333334,0.0,0.14833333333333334,0.0,0.0,2018-12-15
349,46.833333333333336,36.333333333333336,41.583333333333336,3.1166666666666667,23.166666666666668,0.0,1.32,0.0,0.0,2018-12-16
350,47.666666666666664,37.833333333333336,42.75,4.566666666666666,21.833333333333332,0.0,0.02,0.0,0.0,2018-12-17
351,40.5,27.833333333333332,34.166666666666664,-3.783333333333333,30.5,0.0,0.0,0.0,0.0,2018-12-18
352,43.0,24.833333333333332,33.916666666666664,-3.766666666666667,30.666666666666668,0.0,0.0,0.0,0.0,2018-12-19
353,49.666666666666664,31.5,40.583333333333336,3.1333333333333333,24.333333333333332,0.0,0.27,0.0,0.0,2018-12-20
354,60.666666666666664,48.5,54.583333333333336,17.416666666666668,10.333333333333334,0.0,1.6433333333333335,0.0,0.0,2018-12-21
355,52.666666666666664,40.166666666666664,46.416666666666664,9.466666666666667,18.333333333333332,0.0,0.02,0.0,0.0,2018-12-22
356,44.166666666666664,36.0,40.083333333333336,3.366666666666667,24.666666666666668,0.0,0.004,0.0,0.0,2018-12-23
357,43.833333333333336,35.166666666666664,39.5,3.0,25.166666666666668,0.0,0.08166666666666667,0.0,0.0,2018-12-24
358,41.833333333333336,31.833333333333332,36.833333333333336,0.5833333333333334,27.666666666666668,0.0,0.0,0.0,0.0,2018-12-25
359,43.666666666666664,31.5,37.583333333333336,1.5666666666666667,27.166666666666668,0.0,0.0,0.0,0.0,2018-12-26
360,44.833333333333336,35.833333333333336,40.333333333333336,4.516666666666667,24.333333333333332,0.0,0.0,0.0,0.0,2018-12-27
361,57.833333333333336,43.0,50.416666666666664,14.799999999999999,14.333333333333334,0.0,1.1033333333333333,0.0,0.0,2018-12-28
362,55.833333333333336,39.0,47.416666666666664,12.016666666666666,17.166666666666668,0.0,0.0,0.0,0.0,2018-12-29
363,39.833333333333336,32.166666666666664,36.0,0.7999999999999999,28.666666666666668,0.0,0.0,0.0,0.0,2018-12-30
364,47.666666666666664,32.166666666666664,39.916666666666664,4.916666666666667,24.833333333333332,0.0,1.205,0.0,0.0,2018-12-31
365,58.833333333333336,39.666666666666664,49.25,14.433333333333335,15.5,0.0,0.08333333333333333,0.0,0.0,2019-01-01
366,41.833333333333336,34.333333333333336,38.083333333333336,3.466666666666667,26.666666666666668,0.0,0.0,0.0,0.0,2019-01-02
367,45.166666666666664,34.666666666666664,39.916666666666664,5.5,24.833333333333332,0.0,0.0,0.0,0.0,2019-01-03
368,46.0,33.166666666666664,39.583333333333336,5.333333333333333,25.166666666666668,0.0,0.0,0.0,0.0,2019-01-04
369,46.5,41.0,43.75,9.633333333333335,21.0,0.0,0.49166666666666664,0.0,0.0,2019-01-05
370,50.166666666666664,31.166666666666668,40.666666666666664,6.716666666666666,24.166666666666668,0.0,0.0,0.0,0.0,2019-01-06
371,34.5,25.0,29.75,-4.033333333333333,35.0,0.0,0.0,0.0,0.0,2019-01-07
372,45.166666666666664,34.333333333333336,39.75,6.083333333333333,25.0,0.0,0.16333333333333336,0.0,0.0,2019-01-08
373,46.166666666666664,34.0,40.083333333333336,6.583333333333333,24.5,0.0,0.061666666666666675,0.0,0.0,2019-01-09
374,35.166666666666664,28.5,31.833333333333332,-1.5666666666666667,33.0,0.0,0.0,0.0,0.0,2019-01-10
375,31.833333333333332,21.5,26.666666666666668,-6.633333333333333,38.166666666666664,0.0,0.0,0.0,0.0,2019-01-11
376,34.833333333333336,20.0,27.416666666666668,-5.783333333333332,37.166666666666664,0.0,0.0,0.0,0.0,2019-01-12
377,33.666666666666664,24.166666666666668,28.916666666666668,-4.133333333333334,35.833333333333336,0.0,0.0,0.1,0.0,2019-01-13
378,33.5,21.833333333333332,27.666666666666668,-5.316666666666667,37.0,0.0,0.0,0.0,0.0,2019-01-14
379,36.5,22.833333333333332,29.666666666666668,-3.266666666666667,35.0,0.0,0.0,0.0,0.0,2019-01-15
380,40.166666666666664,26.166666666666668,33.166666666666664,0.30000000000000004,31.666666666666668,0.0,0.0,0.0,0.0,2019-01-16
381,33.5,24.666666666666668,29.083333333333332,-3.6999999999999993,35.666666666666664,0.0,0.0,0.0,0.0,2019-01-17
382,39.833333333333336,28.0,33.916666666666664,1.1833333333333333,30.666666666666668,0.0,0.035,0.44000000000000006,1.0,2019-01-18
383,38.166666666666664,29.5,33.833333333333336,1.1333333333333333,31.0,0.0,0.3766666666666667,0.2,0.0,2019-01-19
384,43.833333333333336,14.5,29.166666666666668,-3.4999999999999996,35.666666666666664,0.0,1.0866666666666667,0.0,0.0,2019-01-20
385,15.0,4.5,9.75,-22.899999999999995,55.0,0.0,0.0,0.0,0.0,2019-01-21
386,31.5,13.5,22.5,-10.149999999999999,42.166666666666664,0.0,0.0,0.0,0.0,2019-01-22
387,48.666666666666664,28.666666666666668,38.666666666666664,6.0,26.166666666666668,0.0,0.0,0.0,0.0,2019-01-23
388,56.833333333333336,35.0,45.916666666666664,13.249999999999998,18.833333333333332,0.0,1.325,0.0,0.0,2019-01-24
389,40.0,27.833333333333332,33.916666666666664,1.2499999999999998,30.833333333333332,0.0,0.0,0.0,0.0,2019-01-25
390,34.666666666666664,23.166666666666668,28.916666666666668,-3.783333333333333,35.666666666666664,0.0,0.0,0.0,0.0,2019-01-26
391,49.166666666666664,28.0,38.583333333333336,5.849999999999999,26.0,0.0,0.0,0.0,0.0,2019-01-27
392,38.333333333333336,23.5,30.916666666666668,-1.9000000000000001,34.0,0.0,0.0,0.0,0.0,2019-01-28
393,43.833333333333336,22.666666666666668,33.25,0.39999999999999997,31.5,0.0,0.23166666666666666,0.1,0.0,2019-01-29
394,35.0,6.166666666666667,20.583333333333332,-12.350000000000001,44.166666666666664,0.0,0.10500000000000001,0.28,0.0,2019-01-30
395,17.166666666666668,2.5,9.833333333333334,-23.183333333333337,55.0,0.0,0.0,0.0,0.0,2019-01-31
396,22.833333333333332,10.833333333333334,16.833333333333332,-16.250000000000004,48.0,0.0,0.0,0.0,0.0,2019-02-01
397,34.5,15.666666666666666,25.083333333333332,-8.116666666666667,39.666666666666664,0.0,0.0,0.0,0.0,2019-02-02
398,51.833333333333336,27.0,39.416666666666664,6.116666666666666,25.333333333333332,0.0,0.0,0.0,0.0,2019-02-03
399,58.0,33.166666666666664,45.583333333333336,12.166666666666666,19.0,0.0,0.0,0.0,0.0,2019-02-04
400,65.16666666666667,35.833333333333336,50.5,16.95,14.166666666666666,0.0,0.0,0.0,0.0,2019-02-05
401,46.5,34.0,40.25,6.566666666666666,24.5,0.0,0.49,0.0,0.0,2019-02-06
402,44.333333333333336,38.666666666666664,41.5,7.7,23.166666666666668,0.0,0.10166666666666667,0.0,0.0,2019-02-07
403,55.333333333333336,32.0,43.666666666666664,9.716666666666667,21.0,0.0,0.3,0.0,0.0,2019-02-08
404,33.333333333333336,23.833333333333332,28.583333333333332,-5.533333333333334,36.166666666666664,0.0,0.0,0.0,0.0,2019-02-09
405,35.666666666666664,22.5,29.083333333333332,-5.183333333333334,35.666666666666664,0.0,0.0,0.0,0.0,2019-02-10
406,37.333333333333336,29.833333333333332,33.583333333333336,-0.85,31.333333333333332,0.0,0.0,0.0,0.0,2019-02-11
407,36.166666666666664,25.666666666666668,30.916666666666668,-3.6999999999999997,33.833333333333336,0.0,0.7983333333333333,1.4000000000000001,0.0,2019-02-12
408,41.833333333333336,33.0,37.416666666666664,2.65,27.166666666666668,0.0,0.05499999999999999,0.7000000000000001,1.0,2019-02-13
409,46.5,32.666666666666664,39.583333333333336,4.633333333333334,25.0,0.0,0.0,0.0,0.0,2019-02-14
410,58.666666666666664,39.333333333333336,49.0,13.85,15.666666666666666,0.0,0.0,0.0,0.0,2019-02-15
411,48.666666666666664,31.5,40.083333333333336,4.733333333333333,24.833333333333332,0.0,0.0,0.0,0.0,2019-02-16
412,36.666666666666664,24.833333333333332,30.75,-4.8,34.0,0.0,0.04333333333333333,0.0,0.0,2019-02-17
413,42.666666666666664,26.0,34.333333333333336,-1.383333333333333,30.5,0.0,0.09666666666666666,0.0,0.0,2019-02-18
414,36.333333333333336,23.0,29.666666666666668,-6.25,35.0,0.0,0.0,0.0,0.0,2019-02-19
415,33.166666666666664,26.0,29.583333333333332,-6.533333333333332,35.166666666666664,0.0,0.6866666666666666,1.7666666666666668,0.0,2019-02-20
416,52.0,32.666666666666664,42.333333333333336,6.0,22.5,0.0,0.135,0.0,1.0,2019-02-21
417,44.5,36.333333333333336,40.416666666666664,3.85,24.5,0.0,0.0,0.0,0.0,2019-02-22
418,40.5,31.333333333333332,35.916666666666664,-0.85,28.666666666666668,0.0,0.015,0.0,0.0,2019-02-23
419,47.333333333333336,36.666666666666664,42.0,5.016666666666667,22.666666666666668,0.0,0.7583333333333333,0.0,0.0,2019-02-24
420,43.333333333333336,27.833333333333332,35.583333333333336,-1.633333333333333,29.166666666666668,0.0,0.0,0.0,0.0,2019-02-25
421,38.166666666666664,25.333333333333332,31.75,-5.6833333333333345,32.833333333333336,0.0,0.0,0.0,0.0,2019-02-26
422,31.0,23.5,27.25,-10.4,37.666666666666664,0.0,0.0,0.0,0.0,2019-02-27
423,37.0,26.833333333333332,31.916666666666668,-5.95,33.0,0.0,0.023333333333333334,0.12,0.5,2019-02-28
424,36.0,25.833333333333332,30.916666666666668,-7.216666666666666,33.833333333333336,0.0,0.06833333333333334,0.8400000000000001,1.0,2019-03-01
425,40.833333333333336,30.5,35.666666666666664,-2.6833333333333336,29.0,0.0,0.5133333333333333,3.7399999999999998,3.4,2019-03-02
426,42.666666666666664,32.333333333333336,37.5,-1.0999999999999999,27.166666666666668,0.0,0.5733333333333334,2.6166666666666667,1.0,2019-03-03
427,38.833333333333336,28.333333333333332,33.583333333333336,-5.25,31.333333333333332,0.0,0.33666666666666667,1.5666666666666664,3.2,2019-03-04
428,32.166666666666664,20.333333333333332,26.25,-12.833333333333334,38.5,0.0,0.0,0.0,1.5,2019-03-05
429,27.333333333333332,18.833333333333332,23.083333333333332,-16.26666666666667,41.5,0.0,0.0,0.0,1.0,2019-03-06
430,32.666666666666664,17.5,25.083333333333332,-14.466666666666669,39.666666666666664,0.0,0.0,0.0,1.0,2019-03-07
431,38.166666666666664,21.833333333333332,30.0,-9.833333333333334,34.666666666666664,0.0,0.0,0.0,0.0,2019-03-08
432,48.166666666666664,32.666666666666664,40.416666666666664,0.3333333333333333,24.333333333333332,0.0,0.0,0.0,0.0,2019-03-09
433,43.166666666666664,35.0,39.083333333333336,-1.2833333333333334,25.666666666666668,0.0,0.7200000000000001,0.10000000000000002,0.0,2019-03-10
434,53.666666666666664,38.833333333333336,46.25,5.6499999999999995,18.5,0.0,0.0,0.0,0.0,2019-03-11
435,44.333333333333336,33.833333333333336,39.083333333333336,-1.8,25.5,0.0,0.0,0.0,0.0,2019-03-12
436,45.833333333333336,29.833333333333332,37.833333333333336,-3.3166666666666664,26.833333333333332,0.0,0.0,0.0,0.0,2019-03-13
437,55.0,40.0,47.5,6.05,17.333333333333332,0.0,0.0,0.0,0.0,2019-03-14
438,69.66666666666667,47.0,58.333333333333336,16.633333333333333,6.666666666666667,0.0,0.31166666666666665,0.0,0.0,2019-03-15
439,57.333333333333336,36.833333333333336,47.083333333333336,5.1000000000000005,17.666666666666668,0.0,0.0,0.0,0.0,2019-03-16
440,45.333333333333336,32.5,38.916666666666664,-3.3833333333333333,25.833333333333332,0.0,0.0,0.0,0.0,2019-03-17
441,46.0,29.833333333333332,37.916666666666664,-4.65,26.666666666666668,0.0,0.0,0.0,0.0,2019-03-18
442,50.166666666666664,32.166666666666664,41.166666666666664,-1.7000000000000002,23.666666666666668,0.0,0.0,0.0,0.0,2019-03-19
443,52.0,33.333333333333336,42.666666666666664,-0.5166666666666667,22.166666666666668,0.0,0.0,0.0,0.0,2019-03-20
444,47.166666666666664,41.166666666666664,44.166666666666664,0.6666666666666666,20.5,0.0,0.715,0.0,0.0,2019-03-21
445,50.0,38.166666666666664,44.083333333333336,0.2666666666666666,20.666666666666668,0.0,0.6016666666666667,0.0,0.0,2019-03-22
446,49.166666666666664,34.666666666666664,41.916666666666664,-2.2333333333333334,22.666666666666668,0.0,0.0,0.0,0.0,2019-03-23
447,59.833333333333336,35.666666666666664,47.75,3.283333333333333,17.0,0.0,0.0,0.0,0.0,2019-03-24
448,55.166666666666664,41.666666666666664,48.416666666666664,3.616666666666667,16.5,0.0,0.0,0.0,0.0,2019-03-25
449,48.833333333333336,32.333333333333336,40.583333333333336,-4.55,24.333333333333332,0.0,0.0,0.0,0.0,2019-03-26
450,44.833333333333336,32.333333333333336,38.583333333333336,-6.883333333333334,26.333333333333332,0.0,0.0,0.0,0.0,2019-03-27
451,51.0,33.666666666666664,42.333333333333336,-3.483333333333334,22.5,0.0,0.0,0.0,0.0,2019-03-28
452,57.666666666666664,46.0,51.833333333333336,5.7,13.166666666666666,0.0,0.0,0.0,0.0,2019-03-29
453,65.16666666666667,48.333333333333336,56.75,10.216666666666667,8.0,0.0,0.0,0.0,0.0,2019-03-30
454,60.833333333333336,38.833333333333336,49.833333333333336,2.9666666666666663,14.833333333333334,0.0,0.07666666666666667,0.0,0.0,2019-03-31
455,46.666666666666664,32.333333333333336,39.5,-7.716666666666666,25.166666666666668,0.0,0.0,0.0,0.0,2019-04-01
456,50.666666666666664,33.666666666666664,42.166666666666664,-5.433333333333334,22.5,0.0,0.05,0.0,0.0,2019-04-02
457,66.66666666666667,40.333333333333336,53.5,5.533333333333334,11.333333333333334,0.0,0.006666666666666667,0.0,0.0,2019-04-03
458,60.333333333333336,42.166666666666664,51.25,2.966666666666667,13.333333333333334,0.0,0.0,0.0,0.0,2019-04-04
459,43.666666666666664,38.333333333333336,41.0,-7.683333333333334,23.666666666666668,0.0,0.21666666666666667,0.0,0.0,2019-04-05
460,66.0,39.166666666666664,52.583333333333336,3.533333333333333,12.0,0.0,0.005,0.0,0.0,2019-04-06
461,63.0,46.333333333333336,54.666666666666664,5.216666666666666,10.166666666666666,0.0,0.0,0.0,0.0,2019-04-07
462,75.66666666666667,48.833333333333336,62.25,12.433333333333332,2.8333333333333335,0.16666666666666666,0.255,0.0,0.0,2019-04-08
463,50.166666666666664,44.333333333333336,47.25,-2.9499999999999997,17.333333333333332,0.0,0.02,0.0,0.0,2019-04-09
464,60.166666666666664,42.666666666666664,51.416666666666664,0.85,13.166666666666666,0.0,0.0,0.0,0.0,2019-04-10
465,52.0,39.0,45.5,-5.466666666666666,19.333333333333332,0.0,0.0,0.0,0.0,2019-04-11
466,66.5,45.333333333333336,55.916666666666664,4.55,8.833333333333334,0.0,0.5966666666666666,0.0,0.0,2019-04-12
467,74.66666666666667,57.5,66.08333333333333,14.366666666666667,1.3333333333333333,2.5,0.2733333333333334,0.0,0.0,2019-04-13
468,69.0,55.166666666666664,62.083333333333336,9.983333333333333,3.1666666666666665,0.3333333333333333,0.01,0.0,0.0,2019-04-14
469,63.666666666666664,45.666666666666664,54.666666666666664,2.216666666666667,10.0,0.0,0.7416666666666666,0.0,0.0,2019-04-15
470,65.83333333333333,42.666666666666664,54.25,1.4000000000000001,10.666666666666666,0.0,0.37749999999999995,0.0,0.0,2019-04-16
471,60.5,47.666666666666664,54.083333333333336,0.8999999999999999,10.666666666666666,0.0,0.013333333333333334,0.0,0.0,2019-04-17
472,62.0,50.333333333333336,56.166666666666664,2.5833333333333335,8.333333333333334,0.0,0.030833333333333338,0.0,0.0,2019-04-18
473,76.0,57.5,66.75,12.800000000000002,1.0,3.0,0.04833333333333334,0.0,0.0,2019-04-19
474,64.5,54.0,59.25,4.95,5.333333333333333,0.0,0.5583333333333333,0.0,0.0,2019-04-20
475,64.0,52.166666666666664,58.083333333333336,3.4333333333333336,6.5,0.0,0.004,0.0,0.0,2019-04-21
476,63.0,50.5,56.75,1.75,8.0,0.0,0.3066666666666667,0.0,0.0,2019-04-22
477,75.0,55.5,65.25,9.9,0.6666666666666666,1.1666666666666667,0.055,0.0,0.0,2019-04-23
478,69.66666666666667,54.0,61.833333333333336,6.133333333333333,3.0,0.0,0.023333333333333334,0.0,0.0,2019-04-24
479,62.666666666666664,47.333333333333336,55.0,-1.0166666666666666,9.666666666666666,0.0,0.022,0.0,0.0,2019-04-25
480,60.166666666666664,51.5,55.833333333333336,-0.5666666666666668,8.833333333333334,0.0,0.9600000000000001,0.0,0.0,2019-04-26
481,59.833333333333336,47.166666666666664,53.5,-3.216666666666667,11.333333333333334,0.0,0.05833333333333333,0.0,0.0,2019-04-27
482,54.0,45.0,49.5,-7.550000000000001,15.333333333333334,0.0,0.01,0.0,0.0,2019-04-28
483,57.833333333333336,39.333333333333336,48.583333333333336,-8.766666666666666,16.166666666666668,0.0,0.024999999999999998,0.0,0.0,2019-04-29
484,60.0,48.333333333333336,54.166666666666664,-3.5,10.5,0.0,0.06333333333333334,0.0,0.0,2019-04-30
485,55.166666666666664,49.5,52.333333333333336,-5.666666666666667,12.333333333333334,0.0,0.012,0.0,0.0,2019-05-01
486,74.16666666666667,49.333333333333336,61.75,3.4499999999999997,3.0,0.0,0.1275,0.0,0.0,2019-05-02
487,56.166666666666664,49.5,52.833333333333336,-5.75,11.833333333333334,0.0,0.10666666666666667,0.0,0.0,2019-05-03
488,68.83333333333333,52.666666666666664,60.75,1.866666666666667,4.166666666666667,0.0,0.11666666666666668,0.0,0.0,2019-05-04
489,57.0,51.0,54.0,-5.2,10.833333333333334,0.0,1.425,0.0,0.0,2019-05-05
490,70.83333333333333,50.5,60.666666666666664,1.1666666666666667,4.166666666666667,0.0,0.004,0.0,0.0,2019-05-06
491,68.5,52.0,60.25,0.4499999999999999,4.5,0.0,0.09666666666666668,0.0,0.0,2019-05-07
492,70.0,54.166666666666664,62.083333333333336,2.0000000000000004,2.8333333333333335,0.0,0.0,0.0,0.0,2019-05-08
493,59.0,52.166666666666664,55.583333333333336,-4.8,9.333333333333334,0.0,0.0,0.0,0.0,2019-05-09
494,73.16666666666667,55.333333333333336,64.25,3.566666666666667,1.3333333333333333,1.0,0.023333333333333334,0.0,0.0,2019-05-10
495,70.16666666666667,56.333333333333336,63.25,2.3000000000000003,1.5,0.0,0.05000000000000001,0.0,0.0,2019-05-11
496,58.166666666666664,43.333333333333336,50.75,-10.5,13.833333333333334,0.0,1.2733333333333334,0.0,0.0,2019-05-12
497,49.166666666666664,42.5,45.833333333333336,-15.666666666666666,19.0,0.0,0.69,0.0,0.0,2019-05-13
498,51.833333333333336,44.166666666666664,48.0,-13.783333333333331,16.833333333333332,0.0,0.20166666666666666,0.0,0.0,2019-05-14
499,69.16666666666667,45.0,57.083333333333336,-4.966666666666666,7.5,0.0,0.018333333333333333,0.0,0.0,2019-05-15
500,72.0,52.666666666666664,62.333333333333336,-0.016666666666666663,2.5,0.0,0.06666666666666667,0.0,0.0,2019-05-16
501,76.0,57.0,66.5,3.8666666666666667,0.6666666666666666,2.5,0.12000000000000001,0.0,0.0,2019-05-17
502,74.66666666666667,56.166666666666664,65.41666666666667,2.483333333333333,0.3333333333333333,1.0,0.0,0.0,0.0,2019-05-18
503,76.16666666666667,58.333333333333336,67.25,4.016666666666667,0.6666666666666666,3.1666666666666665,0.085,0.0,0.0,2019-05-19
504,87.16666666666667,64.5,75.83333333333333,12.333333333333334,0.0,11.166666666666666,0.02,0.0,0.0,2019-05-20
505,72.5,57.166666666666664,64.83333333333333,1.0333333333333334,0.3333333333333333,0.5,0.0,0.0,0.0,2019-05-21
506,76.0,54.166666666666664,65.08333333333333,1.0,0.16666666666666666,0.5,0.0,0.0,0.0,2019-05-22
507,73.16666666666667,56.0,64.58333333333333,0.20000000000000004,1.1666666666666667,1.0,0.4916666666666667,0.0,0.0,2019-05-23
508,75.0,61.333333333333336,68.16666666666667,3.483333333333333,0.0,3.5,0.0,0.0,0.0,2019-05-24
509,69.16666666666667,54.833333333333336,62.0,-2.966666666666667,2.6666666666666665,0.0,0.0,0.0,0.0,2019-05-25
510,87.16666666666667,60.5,73.83333333333333,8.566666666666666,0.0,9.166666666666666,0.16166666666666668,0.0,0.0,2019-05-26
511,81.16666666666667,64.0,72.58333333333333,7.016666666666668,0.0,7.833333333333333,0.0,0.0,0.0,2019-05-27
512,71.83333333333333,62.5,67.16666666666667,1.2833333333333332,0.0,2.6666666666666665,0.274,0.0,0.0,2019-05-28
513,70.16666666666667,56.333333333333336,63.25,-2.983333333333333,1.8333333333333333,0.3333333333333333,0.5116666666666667,0.0,0.0,2019-05-29
514,67.33333333333333,57.5,62.416666666666664,-4.116666666666666,2.6666666666666665,0.16666666666666666,0.9460000000000001,0.0,0.0,2019-05-30
515,80.83333333333333,62.0,71.41666666666667,4.566666666666666,0.0,6.666666666666667,0.0,0.0,0.0,2019-05-31
516,79.33333333333333,62.0,70.66666666666667,3.483333333333333,0.0,6.0,0.0,0.0,0.0,2019-06-01
517,80.83333333333333,62.666666666666664,71.75,4.250000000000001,0.0,7.0,0.3566666666666667,0.0,0.0,2019-06-02
518,71.33333333333333,57.5,64.41666666666667,-3.4,0.5,0.16666666666666666,0.0,0.0,0.0,2019-06-03
519,71.83333333333333,53.833333333333336,62.833333333333336,-5.3500000000000005,2.0,0.0,0.0,0.0,0.0,2019-06-04
520,80.66666666666667,63.5,72.08333333333333,3.5999999999999996,0.0,7.5,0.16,0.0,0.0,2019-06-05
521,84.33333333333333,67.83333333333333,76.08333333333333,7.266666666666666,0.0,11.333333333333334,0.22800000000000004,0.0,0.0,2019-06-06
522,80.0,63.666666666666664,71.83333333333333,2.6833333333333336,0.0,7.0,0.0,0.0,0.0,2019-06-07
523,80.16666666666667,62.0,71.08333333333333,1.5666666666666667,0.0,6.166666666666667,0.0,0.0,0.0,2019-06-08
524,76.5,58.5,67.5,-2.35,0.0,2.8333333333333335,0.0,0.0,0.0,2019-06-09
525,70.16666666666667,58.166666666666664,64.16666666666667,-6.016666666666667,0.6666666666666666,0.0,0.5816666666666667,0.0,0.0,2019-06-10
526,78.5,63.833333333333336,71.16666666666667,0.65,0.0,6.333333333333333,0.32999999999999996,0.0,0.0,2019-06-11
527,74.16666666666667,57.833333333333336,66.0,-4.866666666666666,0.0,1.1666666666666667,0.0,0.0,0.0,2019-06-12
528,66.16666666666667,56.666666666666664,61.416666666666664,-9.75,3.3333333333333335,0.0,0.6333333333333334,0.0,0.0,2019-06-13
529,75.33333333333333,59.166666666666664,67.25,-4.283333333333333,0.0,2.5,0.0,0.0,0.0,2019-06-14
530,80.66666666666667,57.0,68.83333333333333,-3.0,0.0,4.0,0.0,0.0,0.0,2019-06-15
531,80.33333333333333,66.33333333333333,73.33333333333333,1.2,0.0,8.666666666666666,0.06799999999999999,0.0,0.0,2019-06-16
532,76.83333333333333,68.33333333333333,72.58333333333333,0.11666666666666665,0.0,7.833333333333333,0.01,0.0,0.0,2019-06-17
533,75.33333333333333,66.66666666666667,71.0,-1.8166666666666667,0.0,6.0,1.0333333333333332,0.0,0.0,2019-06-18
534,70.83333333333333,65.66666666666667,68.25,-4.866666666666666,0.0,3.3333333333333335,0.072,0.0,0.0,2019-06-19
535,78.0,65.0,71.5,-1.916666666666667,0.0,6.666666666666667,0.6383333333333333,0.0,0.0,2019-06-20
536,79.5,65.5,72.5,-1.2,0.0,7.666666666666667,0.56,0.0,0.0,2019-06-21
537,81.33333333333333,61.5,71.41666666666667,-2.5833333333333335,0.0,6.833333333333333,0.0,0.0,0.0,2019-06-22
538,85.33333333333333,63.166666666666664,74.25,-0.03333333333333329,0.0,9.666666666666666,0.0,0.0,0.0,2019-06-23
539,85.33333333333333,64.5,74.91666666666667,0.3666666666666667,0.0,10.166666666666666,0.0,0.0,0.0,2019-06-24
540,84.83333333333333,70.66666666666667,77.75,2.933333333333333,0.0,12.833333333333334,0.565,0.0,0.0,2019-06-25
541,88.5,69.66666666666667,79.08333333333333,4.033333333333333,0.0,14.5,0.0,0.0,0.0,2019-06-26
542,90.33333333333333,70.33333333333333,80.33333333333333,5.016666666666667,0.0,15.333333333333334,0.0,0.0,0.0,2019-06-27
543,90.0,70.33333333333333,80.16666666666667,4.6499999999999995,0.0,15.5,0.0,0.0,0.0,2019-06-28
544,91.5,72.16666666666667,81.83333333333333,6.05,0.0,17.0,0.16166666666666665,0.0,0.0,2019-06-29
545,85.66666666666667,69.33333333333333,77.5,1.5166666666666666,0.0,12.666666666666666,0.035,0.0,0.0,2019-06-30
546,86.66666666666667,65.16666666666667,75.91666666666667,-0.2666666666666667,0.0,11.166666666666666,0.0,0.0,0.0,2019-07-01
547,88.33333333333333,69.0,78.66666666666667,2.3,0.0,13.833333333333334,0.03,0.0,0.0,2019-07-02
548,87.33333333333333,74.5,80.91666666666667,4.366666666666666,0.0,16.0,0.06,0.0,0.0,2019-07-03
549,89.66666666666667,71.66666666666667,80.66666666666667,3.966666666666667,0.0,16.0,0.0,0.0,0.0,2019-07-04
550,84.5,72.33333333333333,78.41666666666667,1.55,0.0,13.833333333333334,0.0,0.0,0.0,2019-07-05
551,90.33333333333333,75.66666666666667,83.0,5.966666666666668,0.0,18.166666666666668,0.135,0.0,0.0,2019-07-06
552,85.83333333333333,71.5,78.66666666666667,1.5166666666666668,0.0,14.0,0.0,0.0,0.0,2019-07-07
553,79.83333333333333,68.83333333333333,74.33333333333333,-2.933333333333333,0.0,9.5,0.036666666666666674,0.0,0.0,2019-07-08
554,89.16666666666667,68.5,78.83333333333333,1.4333333333333333,0.0,14.0,0.0,0.0,0.0,2019-07-09
555,90.16666666666667,71.5,80.83333333333333,3.35,0.0,16.0,0.0,0.0,0.0,2019-07-10
556,85.5,72.5,79.0,1.4166666666666667,0.0,14.0,0.9349999999999999,0.0,0.0,2019-07-11
557,89.33333333333333,72.5,80.91666666666667,3.266666666666667,0.0,16.333333333333332,0.0,0.0,0.0,2019-07-12
558,86.83333333333333,70.66666666666667,78.75,1.05,0.0,14.0,0.0,0.0,0.0,2019-07-13
559,91.66666666666667,74.0,82.83333333333333,5.05,0.0,18.0,0.0,0.0,0.0,2019-07-14
560,87.16666666666667,69.16666666666667,78.16666666666667,0.35000000000000003,0.0,13.666666666666666,0.0,0.0,0.0,2019-07-15
561,91.16666666666667,71.0,81.08333333333333,3.233333333333333,0.0,16.5,0.0,0.0,0.0,2019-07-16
562,93.66666666666667,73.5,83.58333333333333,5.716666666666666,0.0,18.833333333333332,1.3283333333333334,0.0,0.0,2019-07-17
563,82.0,71.5,76.75,-1.1833333333333333,0.0,12.0,0.33666666666666667,0.0,0.0,2019-07-18
564,90.5,71.33333333333333,80.91666666666667,2.983333333333333,0.0,16.166666666666668,0.0,0.0,0.0,2019-07-19
565,98.0,80.16666666666667,89.08333333333333,11.15,0.0,24.333333333333332,0.0,0.0,0.0,2019-07-20
566,98.5,80.33333333333333,89.41666666666667,11.483333333333334,0.0,24.833333333333332,0.023333333333333334,0.0,0.0,2019-07-21
567,89.5,72.83333333333333,81.16666666666667,3.233333333333333,0.0,16.333333333333332,1.5133333333333334,0.0,0.0,2019-07-22
568,75.83333333333333,67.16666666666667,71.5,-6.3999999999999995,0.0,7.0,1.34,0.0,0.0,2019-07-23
569,84.66666666666667,67.0,75.83333333333333,-2.0500000000000003,0.0,11.0,0.0175,0.0,0.0,2019-07-24
570,85.5,68.66666666666667,77.08333333333333,-0.7666666666666666,0.0,12.166666666666666,0.0,0.0,0.0,2019-07-25
571,87.0,68.0,77.5,-0.35000000000000003,0.0,12.666666666666666,0.0,0.0,0.0,2019-07-26
572,85.33333333333333,71.16666666666667,78.25,0.48333333333333334,0.0,13.5,0.0,0.0,0.0,2019-07-27
573,89.83333333333333,71.66666666666667,80.75,3.0,0.0,16.0,0.0033333333333333335,0.0,0.0,2019-07-28
574,92.0,72.83333333333333,82.41666666666667,4.716666666666666,0.0,17.833333333333332,0.0,0.0,0.0,2019-07-29
575,92.0,76.83333333333333,84.41666666666667,6.783333333333334,0.0,19.5,0.0025,0.0,0.0,2019-07-30
576,88.0,71.5,79.75,2.15,0.0,15.0,0.6575,0.0,0.0,2019-07-31
577,89.5,71.0,80.25,2.733333333333333,0.0,15.5,0.0,0.0,0.0,2019-08-01
578,85.5,72.33333333333333,78.91666666666667,1.45,0.0,14.166666666666666,0.0,0.0,0.0,2019-08-02
579,86.5,69.66666666666667,78.08333333333333,0.6833333333333335,0.0,13.166666666666666,0.34833333333333333,0.0,0.0,2019-08-03
580,89.0,70.0,79.5,2.1333333333333333,0.0,14.833333333333334,0.1275,0.0,0.0,2019-08-04
581,82.33333333333333,70.0,76.16666666666667,-1.0999999999999999,0.0,11.166666666666666,0.0,0.0,0.0,2019-08-05
582,81.0,71.33333333333333,76.16666666666667,-1.0,0.0,11.333333333333334,0.06999999999999999,0.0,0.0,2019-08-06
583,85.5,69.66666666666667,77.58333333333333,0.4666666666666666,0.0,12.833333333333334,1.0416666666666667,0.0,0.0,2019-08-07
584,87.33333333333333,68.5,77.91666666666667,0.8666666666666668,0.0,13.333333333333334,0.12000000000000001,0.0,0.0,2019-08-08
585,85.33333333333333,68.83333333333333,77.08333333333333,0.13333333333333333,0.0,12.5,0.0425,0.0,0.0,2019-08-09
586,82.83333333333333,66.0,74.41666666666667,-2.466666666666667,0.0,9.833333333333334,0.0,0.0,0.0,2019-08-10
587,81.83333333333333,63.833333333333336,72.83333333333333,-3.966666666666667,0.0,8.166666666666666,0.0,0.0,0.0,2019-08-11
588,86.5,66.66666666666667,76.58333333333333,-0.11666666666666668,0.0,11.833333333333334,0.0,0.0,0.0,2019-08-12
589,79.16666666666667,73.0,76.08333333333333,-0.5166666666666667,0.0,11.166666666666666,0.054000000000000006,0.0,0.0,2019-08-13
590,82.5,71.66666666666667,77.08333333333333,0.6,0.0,12.333333333333334,0.5525,0.0,0.0,2019-08-14
591,83.33333333333333,70.33333333333333,76.83333333333333,0.45,0.0,12.166666666666666,0.0,0.0,0.0,2019-08-15
592,81.66666666666667,68.33333333333333,75.0,-1.2666666666666668,0.0,10.333333333333334,0.0,0.0,0.0,2019-08-16
593,86.83333333333333,73.5,80.16666666666667,4.033333333333332,0.0,15.5,0.005,0.0,0.0,2019-08-17
594,90.33333333333333,72.5,81.41666666666667,5.383333333333334,0.0,16.5,0.615,0.0,0.0,2019-08-18
595,90.33333333333333,72.33333333333333,81.33333333333333,5.3999999999999995,0.0,16.5,0.049999999999999996,0.0,0.0,2019-08-19
596,87.66666666666667,74.33333333333333,81.0,5.25,0.0,16.333333333333332,0.0,0.0,0.0,2019-08-20
597,88.83333333333333,75.0,81.91666666666667,6.283333333333334,0.0,17.166666666666668,0.28833333333333333,0.0,0.0,2019-08-21
598,90.83333333333333,70.33333333333333,80.58333333333333,5.083333333333333,0.0,15.833333333333334,0.9633333333333333,0.0,0.0,2019-08-22
599,75.16666666666667,65.5,70.33333333333333,-4.983333333333333,0.0,5.666666666666667,0.09666666666666668,0.0,0.0,2019-08-23
600,77.5,63.166666666666664,70.33333333333333,-4.8500000000000005,0.0,5.666666666666667,0.0,0.0,0.0,2019-08-24
601,77.16666666666667,62.833333333333336,70.0,-5.016666666666667,0.0,5.333333333333333,0.0,0.0,0.0,2019-08-25
602,74.0,60.0,67.0,-7.866666666666666,0.0,2.3333333333333335,0.0,0.0,0.0,2019-08-26
603,74.5,61.0,67.75,-6.916666666666668,0.0,3.0,0.0,0.0,0.0,2019-08-27
604,78.33333333333333,66.5,72.41666666666667,-2.05,0.0,7.666666666666667,0.18666666666666668,0.0,0.0,2019-08-28
605,83.16666666666667,66.5,74.83333333333333,0.5666666666666667,0.0,10.0,0.0,0.0,0.0,2019-08-29
606,87.16666666666667,64.33333333333333,75.75,1.6833333333333333,0.0,11.166666666666666,0.0,0.0,0.0,2019-08-30
607,82.16666666666667,67.66666666666667,74.91666666666667,1.05,0.0,10.0,0.0,0.0,0.0,2019-08-31
608,78.0,62.5,70.25,-3.3833333333333333,0.0,5.5,0.0,0.0,0.0,2019-09-01
609,78.5,69.0,73.75,0.33333333333333326,0.0,9.166666666666666,0.5916666666666667,0.0,0.0,2019-09-02
610,82.0,67.16666666666667,74.58333333333333,1.4500000000000002,0.0,9.833333333333334,0.0,0.0,0.0,2019-09-03
611,87.0,67.16666666666667,77.08333333333333,4.166666666666667,0.0,12.333333333333334,0.064,0.0,0.0,2019-09-04
612,74.33333333333333,64.33333333333333,69.33333333333333,-3.3000000000000003,0.0,4.666666666666667,0.0,0.0,0.0,2019-09-05
613,67.66666666666667,59.0,63.333333333333336,-9.066666666666666,1.3333333333333333,0.0,0.20333333333333337,0.0,0.0,2019-09-06
614,76.83333333333333,56.833333333333336,66.83333333333333,-5.266666666666667,0.0,2.1666666666666665,0.027499999999999997,0.0,0.0,2019-09-07
615,78.5,62.166666666666664,70.33333333333333,-1.4833333333333334,0.0,5.5,0.0,0.0,0.0,2019-09-08
616,77.66666666666667,64.16666666666667,70.91666666666667,-0.6166666666666667,0.0,6.166666666666667,0.0,0.0,0.0,2019-09-09
617,78.33333333333333,66.16666666666667,72.25,1.0166666666666666,0.0,7.5,0.0075,0.0,0.0,2019-09-10
618,88.5,68.5,78.5,7.566666666666666,0.0,13.833333333333334,0.0,0.0,0.0,2019-09-11
619,81.66666666666667,62.5,72.08333333333333,1.45,0.0,7.166666666666667,0.06666666666666667,0.0,0.0,2019-09-12
620,72.16666666666667,57.5,64.83333333333333,-5.433333333333334,0.5,0.5,0.0,0.0,0.0,2019-09-13
621,76.66666666666667,62.833333333333336,69.75,-0.18333333333333335,0.0,5.166666666666667,0.0,0.0,0.0,2019-09-14
622,83.0,68.0,75.5,5.883333333333334,0.0,10.666666666666666,0.0,0.0,0.0,2019-09-15
623,78.0,66.66666666666667,72.33333333333333,3.066666666666667,0.0,7.833333333333333,0.0,0.0,0.0,2019-09-16
624,77.66666666666667,60.166666666666664,68.91666666666667,-4.625929269271485e-18,0.0,4.0,0.0,0.0,0.0,2019-09-17
625,70.83333333333333,56.166666666666664,63.5,-5.05,1.3333333333333333,0.0,0.0,0.0,0.0,2019-09-18
626,71.16666666666667,50.0,60.583333333333336,-7.6000000000000005,4.0,0.0,0.0,0.0,0.0,2019-09-19
627,79.16666666666667,54.166666666666664,66.66666666666667,-1.15,0.0,2.0,0.0,0.0,0.0,2019-09-20
628,83.66666666666667,58.5,71.08333333333333,3.6333333333333333,0.0,6.5,0.0,0.0,0.0,2019-09-21
629,85.16666666666667,63.666666666666664,74.41666666666667,7.3500000000000005,0.0,9.833333333333334,0.0,0.0,0.0,2019-09-22
630,88.0,70.0,79.0,12.299999999999999,0.0,14.333333333333334,0.065,0.0,0.0,2019-09-23
631,77.5,63.166666666666664,70.33333333333333,4.033333333333334,0.0,5.666666666666667,0.0,0.0,0.0,2019-09-24
632,78.83333333333333,58.0,68.41666666666667,2.5,0.0,3.8333333333333335,0.0,0.0,0.0,2019-09-25
633,82.16666666666667,61.333333333333336,71.75,6.233333333333334,0.0,7.166666666666667,0.025,0.0,0.0,2019-09-26
634,76.66666666666667,57.833333333333336,67.25,2.15,0.0,2.5,0.0,0.0,0.0,2019-09-27
635,81.83333333333333,63.0,72.41666666666667,7.683333333333334,0.0,7.5,0.0,0.0,0.0,2019-09-28
636,80.33333333333333,64.66666666666667,72.5,8.166666666666666,0.0,7.833333333333333,0.0,0.0,0.0,2019-09-29
637,71.0,61.0,66.0,2.0500000000000003,0.0,1.5,0.0,0.0,0.0,2019-09-30
638,81.5,62.833333333333336,72.16666666666667,8.616666666666667,0.0,7.333333333333333,0.0,0.0,0.0,2019-10-01
639,94.83333333333333,64.0,79.41666666666667,16.28333333333333,0.0,14.666666666666666,0.26166666666666666,0.0,0.0,2019-10-02
640,64.83333333333333,53.5,59.166666666666664,-3.566666666666667,5.5,0.0,0.34,0.0,0.0,2019-10-03
641,67.16666666666667,49.666666666666664,58.416666666666664,-3.9166666666666674,6.5,0.0,0.17,0.0,0.0,2019-10-04
642,60.0,44.666666666666664,52.333333333333336,-9.633333333333335,12.5,0.0,0.0,0.0,0.0,2019-10-05
643,70.83333333333333,57.166666666666664,64.0,2.4333333333333336,0.6666666666666666,0.0,0.01,0.0,0.0,2019-10-06
644,78.33333333333333,59.666666666666664,69.0,7.816666666666666,0.0,4.166666666666667,0.2175,0.0,0.0,2019-10-07
645,64.66666666666667,58.0,61.333333333333336,0.5499999999999999,3.3333333333333335,0.0,0.023333333333333334,0.0,0.0,2019-10-08
646,59.666666666666664,52.5,56.083333333333336,-4.3,8.666666666666666,0.0,0.5266666666666667,0.0,0.0,2019-10-09
647,72.0,53.0,62.5,2.5166666666666666,2.1666666666666665,0.0,0.0,0.0,0.0,2019-10-10
648,64.83333333333333,54.833333333333336,59.833333333333336,0.2166666666666667,4.666666666666667,0.0,0.0,0.0,0.0,2019-10-11
649,68.83333333333333,55.333333333333336,62.083333333333336,2.8333333333333335,2.5,0.0,0.0,0.0,0.0,2019-10-12
650,67.83333333333333,52.666666666666664,60.25,1.3999999999999997,4.5,0.0,0.0,0.0,0.0,2019-10-13
651,72.83333333333333,57.0,64.91666666666667,6.466666666666668,0.6666666666666666,0.8333333333333334,0.0,0.0,0.0,2019-10-14
652,65.66666666666667,50.0,57.833333333333336,-0.26666666666666666,6.833333333333333,0.0,0.0,0.0,0.0,2019-10-15
653,66.83333333333333,49.833333333333336,58.333333333333336,0.6,6.5,0.0,1.675,0.0,0.0,2019-10-16
654,58.833333333333336,51.5,55.166666666666664,-2.1833333333333336,9.5,0.0,0.0,0.0,0.0,2019-10-17
655,59.833333333333336,46.5,53.166666666666664,-3.7999999999999994,11.5,0.0,0.0,0.0,0.0,2019-10-18
656,61.0,41.166666666666664,51.083333333333336,-5.566666666666666,13.5,0.0,0.0,0.0,0.0,2019-10-19
657,59.166666666666664,45.5,52.333333333333336,-3.9166666666666665,12.5,0.0,0.5266666666666667,0.0,0.0,2019-10-20
658,68.33333333333333,50.666666666666664,59.5,3.6,5.333333333333333,0.0,0.0033333333333333335,0.0,0.0,2019-10-21
659,64.0,53.5,58.75,3.2000000000000006,6.0,0.0,0.47500000000000003,0.0,0.0,2019-10-22
660,66.83333333333333,52.5,59.666666666666664,4.483333333333333,5.0,0.0,0.03333333333333333,0.0,0.0,2019-10-23
661,67.16666666666667,46.5,56.833333333333336,1.9833333333333334,8.0,0.0,0.0,0.0,0.0,2019-10-24
662,65.66666666666667,48.0,56.833333333333336,2.35,7.833333333333333,0.0,0.0,0.0,0.0,2019-10-25
663,63.5,51.0,57.25,3.0999999999999996,7.5,0.0,0.01,0.0,0.0,2019-10-26
664,69.16666666666667,54.333333333333336,61.75,7.966666666666666,3.1666666666666665,0.0,1.29,0.0,0.0,2019-10-27
665,63.833333333333336,52.833333333333336,58.333333333333336,4.866666666666666,6.5,0.0,0.01,0.0,0.0,2019-10-28
666,60.0,53.5,56.75,3.6333333333333333,7.833333333333333,0.0,0.09000000000000001,0.0,0.0,2019-10-29
667,63.833333333333336,57.666666666666664,60.75,7.966666666666666,3.8333333333333335,0.0,0.07333333333333333,0.0,0.0,2019-10-30
668,70.83333333333333,60.833333333333336,65.83333333333333,13.416666666666666,0.3333333333333333,1.5,0.45999999999999996,0.0,0.0,2019-10-31
669,66.66666666666667,42.5,54.583333333333336,2.4833333333333334,10.0,0.0,0.051666666666666666,0.0,0.0,2019-11-01
670,52.166666666666664,37.666666666666664,44.916666666666664,-6.866666666666667,19.666666666666668,0.0,0.0,0.0,0.0,2019-11-02
671,54.833333333333336,40.5,47.666666666666664,-3.766666666666667,17.0,0.0,0.0,0.0,0.0,2019-11-03
672,56.333333333333336,36.833333333333336,46.583333333333336,-4.533333333333333,18.333333333333332,0.0,0.0,0.0,0.0,2019-11-04
673,62.0,47.833333333333336,54.916666666666664,4.150000000000001,9.833333333333334,0.0,0.0,0.0,0.0,2019-11-05
674,55.833333333333336,43.5,49.666666666666664,-0.7833333333333333,15.166666666666666,0.0,0.0,0.0,0.0,2019-11-06
675,57.666666666666664,40.833333333333336,49.25,-0.8666666666666667,15.666666666666666,0.0,0.065,0.0,0.0,2019-11-07
676,41.166666666666664,29.166666666666668,35.166666666666664,-14.6,29.666666666666668,0.0,0.0,0.0,0.0,2019-11-08
677,41.0,25.666666666666668,33.333333333333336,-16.116666666666667,31.666666666666668,0.0,0.0,0.0,0.0,2019-11-09
678,52.0,35.833333333333336,43.916666666666664,-5.233333333333333,20.666666666666668,0.0,0.0,0.0,0.0,2019-11-10
679,62.0,42.833333333333336,52.416666666666664,3.5833333333333335,12.333333333333334,0.0,0.0,0.0,0.0,2019-11-11
680,55.833333333333336,25.166666666666668,40.5,-8.0,24.166666666666668,0.0,0.024999999999999998,0.0,0.0,2019-11-12
681,34.666666666666664,22.833333333333332,28.75,-19.433333333333334,36.0,0.0,0.0,0.0,0.0,2019-11-13
682,45.5,25.333333333333332,35.416666666666664,-12.450000000000001,29.5,0.0,0.0,0.0,0.0,2019-11-14
683,52.333333333333336,33.0,42.666666666666664,-4.866666666666667,22.166666666666668,0.0,0.0,0.0,0.0,2019-11-15
684,42.333333333333336,31.0,36.666666666666664,-10.55,28.166666666666668,0.0,0.0,0.0,0.0,2019-11-16
685,43.666666666666664,29.5,36.583333333333336,-10.333333333333334,28.0,0.0,0.0,0.0,0.0,2019-11-17
686,43.0,37.333333333333336,40.166666666666664,-6.3999999999999995,24.5,0.0,0.445,0.0,0.0,2019-11-18
687,49.5,40.833333333333336,45.166666666666664,-1.0999999999999999,19.666666666666668,0.0,0.17833333333333334,0.0,0.0,2019-11-19
688,49.166666666666664,40.5,44.833333333333336,-1.1333333333333333,19.833333333333332,0.0,0.0,0.0,0.0,2019-11-20
689,53.4,37.0,45.2,-0.5399999999999999,19.6,0.0,0.0,0.0,0.0,2019-11-21
690,53.333333333333336,38.0,45.666666666666664,0.3166666666666667,19.0,0.0,0.05833333333333333,0.0,0.0,2019-11-22
691,45.5,33.166666666666664,39.333333333333336,-5.699999999999999,25.333333333333332,0.0,0.03166666666666667,0.0,0.0,2019-11-23
692,46.833333333333336,39.333333333333336,43.083333333333336,-1.6500000000000001,21.833333333333332,0.0,0.7716666666666666,0.0,0.0,2019-11-24
693,53.333333333333336,38.5,45.916666666666664,1.5166666666666666,18.833333333333332,0.0,0.0,0.0,0.0,2019-11-25
694,59.833333333333336,39.333333333333336,49.583333333333336,5.483333333333333,15.166666666666666,0.0,0.0,0.0,0.0,2019-11-26
695,59.0,44.5,51.75,7.949999999999999,13.166666666666666,0.0,0.018,0.0,0.0,2019-11-27
696,53.5,37.333333333333336,45.416666666666664,1.9000000000000001,19.5,0.0,0.0,0.0,0.0,2019-11-28
697,41.166666666666664,30.4,35.8,-7.5200000000000005,29.0,0.0,0.0,0.0,0.0,2019-11-29
698,44.2,30.6,37.4,-5.62,27.6,0.0,0.0,0.0,0.0,2019-11-30
699,39.166666666666664,28.833333333333332,34.0,-8.616666666666667,30.666666666666668,0.0,0.615,0.15000000000000002,0.0,2019-12-01
700,38.166666666666664,31.5,34.833333333333336,-7.483333333333333,29.833333333333332,0.0,0.405,0.9800000000000001,0.0,2019-12-02
701,37.5,31.0,34.25,-7.766666666666667,30.5,0.0,0.016666666666666666,0.22000000000000003,1.0,2019-12-03
702,39.666666666666664,31.666666666666668,35.666666666666664,-6.099999999999999,29.0,0.0,0.008333333333333333,0.0,0.0,2019-12-04
703,43.333333333333336,35.5,39.416666666666664,-2.0500000000000003,25.333333333333332,0.0,0.0,0.0,0.0,2019-12-05
704,50.5,33.333333333333336,41.916666666666664,0.75,23.0,0.0,0.0,0.0,0.0,2019-12-06
705,39.333333333333336,29.0,34.166666666666664,-6.733333333333333,30.5,0.0,0.0,0.0,0.0,2019-12-07
706,44.5,24.666666666666668,34.583333333333336,-6.033333333333334,30.333333333333332,0.0,0.0,0.0,0.0,2019-12-08
707,55.166666666666664,40.666666666666664,47.916666666666664,7.583333333333333,16.833333333333332,0.0,1.5850000000000002,0.0,0.0,2019-12-09
708,58.166666666666664,39.833333333333336,49.0,8.916666666666666,15.666666666666666,0.0,0.11333333333333333,0.08333333333333333,0.0,2019-12-10
709,40.166666666666664,31.166666666666668,35.666666666666664,-4.116666666666666,28.833333333333332,0.0,0.27999999999999997,0.72,1.0,2019-12-11
710,36.0,26.0,31.0,-8.516666666666666,33.666666666666664,0.0,0.0,0.0,0.0,2019-12-12
711,50.333333333333336,31.0,40.666666666666664,1.4333333333333333,23.833333333333332,0.0,0.9266666666666667,0.0,0.0,2019-12-13
712,56.333333333333336,44.5,50.416666666666664,11.450000000000001,14.333333333333334,0.0,1.1766666666666665,0.0,0.0,2019-12-14
713,49.5,36.833333333333336,43.166666666666664,4.466666666666668,21.666666666666668,0.0,0.0,0.0,0.0,2019-12-15
714,37.166666666666664,33.0,35.083333333333336,-3.3833333333333333,29.833333333333332,0.0,0.14,0.0,0.0,2019-12-16
715,35.833333333333336,32.333333333333336,34.083333333333336,-4.1,30.666666666666668,0.0,0.9766666666666667,0.0,0.0,2019-12-17
716,37.333333333333336,21.5,29.416666666666668,-8.533333333333333,35.166666666666664,0.0,0.0425,0.52,0.0,2019-12-18
717,26.166666666666668,16.666666666666668,21.416666666666668,-16.26666666666667,43.166666666666664,0.0,0.0,0.0,1.0,2019-12-19
718,33.833333333333336,22.333333333333332,28.083333333333332,-9.366666666666667,36.5,0.0,0.0,0.0,0.0,2019-12-20
719,36.0,21.666666666666668,28.833333333333332,-8.333333333333334,35.833333333333336,0.0,0.0,0.0,0.0,2019-12-21
720,46.5,26.833333333333332,36.666666666666664,-0.2833333333333333,28.0,0.0,0.0,0.0,0.0,2019-12-22
721,56.0,34.0,45.0,8.283333333333333,19.833333333333332,0.0,0.0,0.0,0.0,2019-12-23
722,48.666666666666664,33.333333333333336,41.0,4.5,23.833333333333332,0.0,0.0,0.0,0.0,2019-12-24
723,46.333333333333336,29.5,37.916666666666664,1.6666666666666667,26.833333333333332,0.0,0.0,0.0,0.0,2019-12-25
724,46.333333333333336,33.166666666666664,39.75,3.733333333333333,25.0,0.0,0.0,0.0,0.0,2019-12-26
725,53.5,43.5,48.5,12.683333333333335,16.333333333333332,0.0,0.0,0.0,0.0,2019-12-27
726,51.5,38.5,45.0,9.383333333333335,19.666666666666668,0.0,0.0,0.0,0.0,2019-12-28
727,44.166666666666664,34.5,39.333333333333336,3.933333333333333,25.333333333333332,0.0,0.3033333333333333,0.0,0.0,2019-12-29
728,44.333333333333336,37.666666666666664,41.0,5.8,23.833333333333332,0.0,0.5916666666666667,0.0,0.0,2019-12-30
729,45.166666666666664,37.666666666666664,41.416666666666664,6.416666666666667,23.5,0.0,0.013333333333333334,0.0,0.0,2019-12-31
